[{"similarity": 1.0, "master_pi": "YAR45026", "similar_pi": "YAR45026"}, {"similarity": 0.8609, "master_pi": "YAR45026", "similar_pi": "YAR45896"}, {"similarity": 0.8215, "master_pi": "YAR45026", "similar_pi": "YAR44994"}, {"similarity": 0.7667, "master_pi": "YAR45026", "similar_pi": "YAR45036"}, {"similarity": 0.7606, "master_pi": "YAR45026", "similar_pi": "YAR45003"}, {"similarity": 0.7594, "master_pi": "YAR45026", "similar_pi": "YAR45016"}, {"similarity": 0.7542, "master_pi": "YAR45026", "similar_pi": "YAR45033"}, {"similarity": 0.741, "master_pi": "YAR45026", "similar_pi": "YAR45041"}, {"similarity": 0.7348, "master_pi": "YAR45026", "similar_pi": "YAR45027"}, {"similarity": 0.7264, "master_pi": "YAR45026", "similar_pi": "YAR31474"}, {"similarity": 0.726, "master_pi": "YAR45026", "similar_pi": "YAR45081"}, {"similarity": 0.7233, "master_pi": "YAR45026", "similar_pi": "YAR45086"}, {"similarity": 0.7206, "master_pi": "YAR45026", "similar_pi": "YAR45970"}, {"similarity": 0.7102, "master_pi": "YAR45026", "similar_pi": "YAR45012"}, {"similarity": 0.6998, "master_pi": "YAR45026", "similar_pi": "YAR45034"}, {"similarity": 0.6948, "master_pi": "YAR45026", "similar_pi": "YAR45067"}, {"similarity": 0.6813, "master_pi": "YAR45026", "similar_pi": "YAR45066"}, {"similarity": 0.6812, "master_pi": "YAR45026", "similar_pi": "YAR45065"}, {"similarity": 0.6778, "master_pi": "YAR45026", "similar_pi": "YAR45013"}, {"similarity": 0.676, "master_pi": "YAR45026", "similar_pi": "YAR45091"}, {"similarity": 1.0, "master_pi": "YAR45081", "similar_pi": "YAR45081"}, {"similarity": 0.8333, "master_pi": "YAR45081", "similar_pi": "YAR45086"}, {"similarity": 0.8064, "master_pi": "YAR45081", "similar_pi": "YAR45083"}, {"similarity": 0.7961, "master_pi": "YAR45081", "similar_pi": "YAR45027"}, {"similarity": 0.7904, "master_pi": "YAR45081", "similar_pi": "YAR45794"}, {"similarity": 0.7684, "master_pi": "YAR45081", "similar_pi": "YAR44997"}, {"similarity": 0.7511, "master_pi": "YAR45081", "similar_pi": "YAR45091"}, {"similarity": 0.741, "master_pi": "YAR45081", "similar_pi": "YAR45012"}, {"similarity": 0.7345, "master_pi": "YAR45081", "similar_pi": "YAR31435"}, {"similarity": 0.7289, "master_pi": "YAR45081", "similar_pi": "YAR45033"}, {"similarity": 0.7273, "master_pi": "YAR45081", "similar_pi": "YAR45009"}, {"similarity": 0.727, "master_pi": "YAR45081", "similar_pi": "YAR44992"}, {"similarity": 0.726, "master_pi": "YAR45081", "similar_pi": "YAR45026"}, {"similarity": 0.7259, "master_pi": "YAR45081", "similar_pi": "YAR45041"}, {"similarity": 0.7195, "master_pi": "YAR45081", "similar_pi": "YAR45970"}, {"similarity": 0.7171, "master_pi": "YAR45081", "similar_pi": "YAR31474"}, {"similarity": 0.7155, "master_pi": "YAR45081", "similar_pi": "YAR45047"}, {"similarity": 0.7108, "master_pi": "YAR45081", "similar_pi": "YAR45036"}, {"similarity": 0.7087, "master_pi": "YAR45081", "similar_pi": "YAR45035"}, {"similarity": 0.7045, "master_pi": "YAR45081", "similar_pi": "YAR45896"}, {"similarity": 1.0, "master_pi": "YAR45062", "similar_pi": "YAR45062"}, {"similarity": 0.8626, "master_pi": "YAR45062", "similar_pi": "YAR45068"}, {"similarity": 0.8043, "master_pi": "YAR45062", "similar_pi": "YAR45035"}, {"similarity": 0.7904, "master_pi": "YAR45062", "similar_pi": "YAR45923"}, {"similarity": 0.7513, "master_pi": "YAR45062", "similar_pi": "YAR31435"}, {"similarity": 0.7462, "master_pi": "YAR45062", "similar_pi": "YAR45151"}, {"similarity": 0.7426, "master_pi": "YAR45062", "similar_pi": "YAR45795"}, {"similarity": 0.7404, "master_pi": "YAR45062", "similar_pi": "YAR44999"}, {"similarity": 0.7282, "master_pi": "YAR45062", "similar_pi": "YAR45047"}, {"similarity": 0.7176, "master_pi": "YAR45062", "similar_pi": "YAR45061"}, {"similarity": 0.6878, "master_pi": "YAR45062", "similar_pi": "YAR45025"}, {"similarity": 0.6773, "master_pi": "YAR45062", "similar_pi": "YAR45066"}, {"similarity": 0.6759, "master_pi": "YAR45062", "similar_pi": "YAR45065"}, {"similarity": 0.6644, "master_pi": "YAR45062", "similar_pi": "YAR45083"}, {"similarity": 0.6608, "master_pi": "YAR45062", "similar_pi": "YAR31481"}, {"similarity": 0.6595, "master_pi": "YAR45062", "similar_pi": "YAR45004"}, {"similarity": 0.6574, "master_pi": "YAR45062", "similar_pi": "YAR45794"}, {"similarity": 0.6398, "master_pi": "YAR45062", "similar_pi": "YAR45041"}, {"similarity": 0.636, "master_pi": "YAR45062", "similar_pi": "YAR45036"}, {"similarity": 0.6352, "master_pi": "YAR45062", "similar_pi": "YAR45027"}, {"similarity": 1.0, "master_pi": "YAR45086", "similar_pi": "YAR45086"}, {"similarity": 0.8333, "master_pi": "YAR45086", "similar_pi": "YAR45081"}, {"similarity": 0.7857, "master_pi": "YAR45086", "similar_pi": "YAR45091"}, {"similarity": 0.7623, "master_pi": "YAR45086", "similar_pi": "YAR45041"}, {"similarity": 0.7615, "master_pi": "YAR45086", "similar_pi": "YAR45012"}, {"similarity": 0.7582, "master_pi": "YAR45086", "similar_pi": "YAR45004"}, {"similarity": 0.7541, "master_pi": "YAR45086", "similar_pi": "YAR45084"}, {"similarity": 0.7495, "master_pi": "YAR45086", "similar_pi": "YAR45027"}, {"similarity": 0.7441, "master_pi": "YAR45086", "similar_pi": "YAR45033"}, {"similarity": 0.7394, "master_pi": "YAR45086", "similar_pi": "YAR45896"}, {"similarity": 0.7343, "master_pi": "YAR45086", "similar_pi": "YAR45034"}, {"similarity": 0.7266, "master_pi": "YAR45086", "similar_pi": "YAR31406"}, {"similarity": 0.7258, "master_pi": "YAR45086", "similar_pi": "YAR45036"}, {"similarity": 0.7248, "master_pi": "YAR45086", "similar_pi": "YAR45083"}, {"similarity": 0.7233, "master_pi": "YAR45086", "similar_pi": "YAR45026"}, {"similarity": 0.7204, "master_pi": "YAR45086", "similar_pi": "YAR45009"}, {"similarity": 0.7091, "master_pi": "YAR45086", "similar_pi": "YAR45970"}, {"similarity": 0.7054, "master_pi": "YAR45086", "similar_pi": "YAR45067"}, {"similarity": 0.6975, "master_pi": "YAR45086", "similar_pi": "YAR45794"}, {"similarity": 0.6939, "master_pi": "YAR45086", "similar_pi": "YAR44992"}, {"similarity": 1.0, "master_pi": "YAR45025", "similar_pi": "YAR45025"}, {"similarity": 0.8199, "master_pi": "YAR45025", "similar_pi": "YAR45151"}, {"similarity": 0.7963, "master_pi": "YAR45025", "similar_pi": "YAR45923"}, {"similarity": 0.7883, "master_pi": "YAR45025", "similar_pi": "YAR44999"}, {"similarity": 0.755, "master_pi": "YAR45025", "similar_pi": "YAR45004"}, {"similarity": 0.749, "master_pi": "YAR45025", "similar_pi": "YAR45035"}, {"similarity": 0.7483, "master_pi": "YAR45025", "similar_pi": "YAR31435"}, {"similarity": 0.7367, "master_pi": "YAR45025", "similar_pi": "YAR45068"}, {"similarity": 0.7126, "master_pi": "YAR45025", "similar_pi": "YAR45061"}, {"similarity": 0.7076, "master_pi": "YAR45025", "similar_pi": "YAR44997"}, {"similarity": 0.6946, "master_pi": "YAR45025", "similar_pi": "YAR45795"}, {"similarity": 0.6908, "master_pi": "YAR45025", "similar_pi": "YAR45083"}, {"similarity": 0.6878, "master_pi": "YAR45025", "similar_pi": "YAR45062"}, {"similarity": 0.6842, "master_pi": "YAR45025", "similar_pi": "YAR45034"}, {"similarity": 0.6838, "master_pi": "YAR45025", "similar_pi": "YAR45041"}, {"similarity": 0.6811, "master_pi": "YAR45025", "similar_pi": "YAR45970"}, {"similarity": 0.6794, "master_pi": "YAR45025", "similar_pi": "YAR45046"}, {"similarity": 0.6757, "master_pi": "YAR45025", "similar_pi": "YAR44994"}, {"similarity": 0.6684, "master_pi": "YAR45025", "similar_pi": "YAR31474"}, {"similarity": 0.6665, "master_pi": "YAR45025", "similar_pi": "YAR31481"}, {"similarity": 1.0, "master_pi": "YAR45013", "similar_pi": "YAR45013"}, {"similarity": 0.8342, "master_pi": "YAR45013", "similar_pi": "YAR44990"}, {"similarity": 0.8085, "master_pi": "YAR45013", "similar_pi": "YAR45022"}, {"similarity": 0.7793, "master_pi": "YAR45013", "similar_pi": "YAR45005"}, {"similarity": 0.7626, "master_pi": "YAR45013", "similar_pi": "YAR44994"}, {"similarity": 0.7521, "master_pi": "YAR45013", "similar_pi": "YAR45003"}, {"similarity": 0.7184, "master_pi": "YAR45013", "similar_pi": "YAR45034"}, {"similarity": 0.7007, "master_pi": "YAR45013", "similar_pi": "YAR45033"}, {"similarity": 0.6901, "master_pi": "YAR45013", "similar_pi": "YAR44996"}, {"similarity": 0.6778, "master_pi": "YAR45013", "similar_pi": "YAR45026"}, {"similarity": 0.6772, "master_pi": "YAR45013", "similar_pi": "YAR45010"}, {"similarity": 0.671, "master_pi": "YAR45013", "similar_pi": "YAR45067"}, {"similarity": 0.6639, "master_pi": "YAR45013", "similar_pi": "YAR44995"}, {"similarity": 0.6544, "master_pi": "YAR45013", "similar_pi": "YAR45041"}, {"similarity": 0.6539, "master_pi": "YAR45013", "similar_pi": "YAR45025"}, {"similarity": 0.65, "master_pi": "YAR45013", "similar_pi": "YAR45036"}, {"similarity": 0.6376, "master_pi": "YAR45013", "similar_pi": "YAR31481"}, {"similarity": 0.6344, "master_pi": "YAR45013", "similar_pi": "YAR45065"}, {"similarity": 0.6331, "master_pi": "YAR45013", "similar_pi": "YAR45066"}, {"similarity": 0.6314, "master_pi": "YAR45013", "similar_pi": "YAR45061"}, {"similarity": 1.0, "master_pi": "YAR45010", "similar_pi": "YAR45010"}, {"similarity": 0.752, "master_pi": "YAR45010", "similar_pi": "YAR44996"}, {"similarity": 0.7365, "master_pi": "YAR45010", "similar_pi": "YAR45034"}, {"similarity": 0.7335, "master_pi": "YAR45010", "similar_pi": "YAR45067"}, {"similarity": 0.6959, "master_pi": "YAR45010", "similar_pi": "YAR45022"}, {"similarity": 0.6904, "master_pi": "YAR45010", "similar_pi": "YAR45066"}, {"similarity": 0.6848, "master_pi": "YAR45010", "similar_pi": "YAR45003"}, {"similarity": 0.6772, "master_pi": "YAR45010", "similar_pi": "YAR45013"}, {"similarity": 0.6738, "master_pi": "YAR45010", "similar_pi": "YAR45005"}, {"similarity": 0.673, "master_pi": "YAR45010", "similar_pi": "YAR44990"}, {"similarity": 0.6698, "master_pi": "YAR45010", "similar_pi": "YAR45046"}, {"similarity": 0.6677, "master_pi": "YAR45010", "similar_pi": "YAR45033"}, {"similarity": 0.6576, "master_pi": "YAR45010", "similar_pi": "YAR45061"}, {"similarity": 0.6549, "master_pi": "YAR45010", "similar_pi": "YAR44994"}, {"similarity": 0.6513, "master_pi": "YAR45010", "similar_pi": "YAR45970"}, {"similarity": 0.6478, "master_pi": "YAR45010", "similar_pi": "YAR45065"}, {"similarity": 0.6411, "master_pi": "YAR45010", "similar_pi": "YAR45041"}, {"similarity": 0.6406, "master_pi": "YAR45010", "similar_pi": "YAR45009"}, {"similarity": 0.6327, "master_pi": "YAR45010", "similar_pi": "YAR45026"}, {"similarity": 0.6293, "master_pi": "YAR45010", "similar_pi": "YAR45012"}, {"similarity": 1.0, "master_pi": "YAR44994", "similar_pi": "YAR44994"}, {"similarity": 0.8259, "master_pi": "YAR44994", "similar_pi": "YAR45003"}, {"similarity": 0.8215, "master_pi": "YAR44994", "similar_pi": "YAR45026"}, {"similarity": 0.7626, "master_pi": "YAR44994", "similar_pi": "YAR45013"}, {"similarity": 0.7481, "master_pi": "YAR44994", "similar_pi": "YAR45896"}, {"similarity": 0.7346, "master_pi": "YAR44994", "similar_pi": "YAR44995"}, {"similarity": 0.7213, "master_pi": "YAR44994", "similar_pi": "YAR45016"}, {"similarity": 0.7084, "master_pi": "YAR44994", "similar_pi": "YAR45034"}, {"similarity": 0.7074, "master_pi": "YAR44994", "similar_pi": "YAR45022"}, {"similarity": 0.7054, "master_pi": "YAR44994", "similar_pi": "YAR45041"}, {"similarity": 0.6988, "master_pi": "YAR44994", "similar_pi": "YAR45065"}, {"similarity": 0.6943, "master_pi": "YAR44994", "similar_pi": "YAR31474"}, {"similarity": 0.6911, "master_pi": "YAR44994", "similar_pi": "YAR44990"}, {"similarity": 0.6909, "master_pi": "YAR44994", "similar_pi": "YAR45036"}, {"similarity": 0.686, "master_pi": "YAR44994", "similar_pi": "YAR45033"}, {"similarity": 0.6852, "master_pi": "YAR44994", "similar_pi": "YAR45066"}, {"similarity": 0.6819, "master_pi": "YAR44994", "similar_pi": "YAR45005"}, {"similarity": 0.6809, "master_pi": "YAR44994", "similar_pi": "YAR45970"}, {"similarity": 0.6757, "master_pi": "YAR44994", "similar_pi": "YAR45025"}, {"similarity": 0.6743, "master_pi": "YAR44994", "similar_pi": "YAR45004"}, {"similarity": 1.0, "master_pi": "YAR45004", "similar_pi": "YAR45004"}, {"similarity": 0.827, "master_pi": "YAR45004", "similar_pi": "YAR45041"}, {"similarity": 0.7987, "master_pi": "YAR45004", "similar_pi": "YAR45091"}, {"similarity": 0.7964, "master_pi": "YAR45004", "similar_pi": "YAR45061"}, {"similarity": 0.7927, "master_pi": "YAR45004", "similar_pi": "YAR45034"}, {"similarity": 0.79, "master_pi": "YAR45004", "similar_pi": "YAR45012"}, {"similarity": 0.7826, "master_pi": "YAR45004", "similar_pi": "YAR45036"}, {"similarity": 0.7787, "master_pi": "YAR45004", "similar_pi": "YAR45067"}, {"similarity": 0.7784, "master_pi": "YAR45004", "similar_pi": "YAR45065"}, {"similarity": 0.7737, "master_pi": "YAR45004", "similar_pi": "YAR45033"}, {"similarity": 0.7731, "master_pi": "YAR45004", "similar_pi": "YAR45009"}, {"similarity": 0.772, "master_pi": "YAR45004", "similar_pi": "YAR45970"}, {"similarity": 0.7627, "master_pi": "YAR45004", "similar_pi": "YAR45066"}, {"similarity": 0.7582, "master_pi": "YAR45004", "similar_pi": "YAR45086"}, {"similarity": 0.755, "master_pi": "YAR45004", "similar_pi": "YAR45025"}, {"similarity": 0.7401, "master_pi": "YAR45004", "similar_pi": "YAR45046"}, {"similarity": 0.7344, "master_pi": "YAR45004", "similar_pi": "YAR45084"}, {"similarity": 0.73, "master_pi": "YAR45004", "similar_pi": "YAR45795"}, {"similarity": 0.7281, "master_pi": "YAR45004", "similar_pi": "YAR45027"}, {"similarity": 0.7259, "master_pi": "YAR45004", "similar_pi": "YAR45035"}, {"similarity": 1.0, "master_pi": "YAR44992", "similar_pi": "YAR44992"}, {"similarity": 0.775, "master_pi": "YAR44992", "similar_pi": "YAR45083"}, {"similarity": 0.759, "master_pi": "YAR44992", "similar_pi": "YAR31474"}, {"similarity": 0.7295, "master_pi": "YAR44992", "similar_pi": "YAR45047"}, {"similarity": 0.7292, "master_pi": "YAR44992", "similar_pi": "YAR31406"}, {"similarity": 0.727, "master_pi": "YAR44992", "similar_pi": "YAR45081"}, {"similarity": 0.716, "master_pi": "YAR44992", "similar_pi": "YAR44988"}, {"similarity": 0.7121, "master_pi": "YAR44992", "similar_pi": "YAR45014"}, {"similarity": 0.7109, "master_pi": "YAR44992", "similar_pi": "YAR45035"}, {"similarity": 0.7078, "master_pi": "YAR44992", "similar_pi": "YAR45795"}, {"similarity": 0.707, "master_pi": "YAR44992", "similar_pi": "YAR45068"}, {"similarity": 0.694, "master_pi": "YAR44992", "similar_pi": "YAR45027"}, {"similarity": 0.694, "master_pi": "YAR44992", "similar_pi": "YAR45794"}, {"similarity": 0.6939, "master_pi": "YAR44992", "similar_pi": "YAR45086"}, {"similarity": 0.6884, "master_pi": "YAR44992", "similar_pi": "YAR44997"}, {"similarity": 0.675, "master_pi": "YAR44992", "similar_pi": "YAR45033"}, {"similarity": 0.6689, "master_pi": "YAR44992", "similar_pi": "YAR45004"}, {"similarity": 0.6689, "master_pi": "YAR44992", "similar_pi": "YAR45084"}, {"similarity": 0.6638, "master_pi": "YAR44992", "similar_pi": "YAR31435"}, {"similarity": 0.6597, "master_pi": "YAR44992", "similar_pi": "YAR45896"}, {"similarity": 1.0, "master_pi": "YAR44990", "similar_pi": "YAR44990"}, {"similarity": 0.8472, "master_pi": "YAR44990", "similar_pi": "YAR45022"}, {"similarity": 0.8342, "master_pi": "YAR44990", "similar_pi": "YAR45013"}, {"similarity": 0.8027, "master_pi": "YAR44990", "similar_pi": "YAR45005"}, {"similarity": 0.7478, "master_pi": "YAR44990", "similar_pi": "YAR45003"}, {"similarity": 0.7329, "master_pi": "YAR44990", "similar_pi": "YAR45034"}, {"similarity": 0.7293, "master_pi": "YAR44990", "similar_pi": "YAR44996"}, {"similarity": 0.6947, "master_pi": "YAR44990", "similar_pi": "YAR45033"}, {"similarity": 0.6938, "master_pi": "YAR44990", "similar_pi": "YAR45067"}, {"similarity": 0.6911, "master_pi": "YAR44990", "similar_pi": "YAR44994"}, {"similarity": 0.673, "master_pi": "YAR44990", "similar_pi": "YAR45010"}, {"similarity": 0.6381, "master_pi": "YAR44990", "similar_pi": "YAR45026"}, {"similarity": 0.6347, "master_pi": "YAR44990", "similar_pi": "YAR45014"}, {"similarity": 0.6309, "master_pi": "YAR44990", "similar_pi": "YAR31474"}, {"similarity": 0.62, "master_pi": "YAR44990", "similar_pi": "YAR45066"}, {"similarity": 0.6075, "master_pi": "YAR44990", "similar_pi": "YAR45065"}, {"similarity": 0.6061, "master_pi": "YAR44990", "similar_pi": "YAR44995"}, {"similarity": 0.6047, "master_pi": "YAR44990", "similar_pi": "YAR45061"}, {"similarity": 0.599, "master_pi": "YAR44990", "similar_pi": "YAR45036"}, {"similarity": 0.5988, "master_pi": "YAR44990", "similar_pi": "YAR31481"}, {"similarity": 1.0, "master_pi": "YAR44996", "similar_pi": "YAR44996"}, {"similarity": 0.8297, "master_pi": "YAR44996", "similar_pi": "YAR45067"}, {"similarity": 0.7871, "master_pi": "YAR44996", "similar_pi": "YAR45034"}, {"similarity": 0.7867, "master_pi": "YAR44996", "similar_pi": "YAR45033"}, {"similarity": 0.7531, "master_pi": "YAR44996", "similar_pi": "YAR45022"}, {"similarity": 0.752, "master_pi": "YAR44996", "similar_pi": "YAR45010"}, {"similarity": 0.7293, "master_pi": "YAR44996", "similar_pi": "YAR44990"}, {"similarity": 0.7238, "master_pi": "YAR44996", "similar_pi": "YAR45009"}, {"similarity": 0.7198, "master_pi": "YAR44996", "similar_pi": "YAR45003"}, {"similarity": 0.7136, "master_pi": "YAR44996", "similar_pi": "YAR45004"}, {"similarity": 0.6962, "master_pi": "YAR44996", "similar_pi": "YAR45066"}, {"similarity": 0.6933, "master_pi": "YAR44996", "similar_pi": "YAR45091"}, {"similarity": 0.6915, "master_pi": "YAR44996", "similar_pi": "YAR45041"}, {"similarity": 0.6901, "master_pi": "YAR44996", "similar_pi": "YAR45013"}, {"similarity": 0.6878, "master_pi": "YAR44996", "similar_pi": "YAR45012"}, {"similarity": 0.6855, "master_pi": "YAR44996", "similar_pi": "YAR45970"}, {"similarity": 0.6825, "master_pi": "YAR44996", "similar_pi": "YAR45086"}, {"similarity": 0.6744, "master_pi": "YAR44996", "similar_pi": "YAR45046"}, {"similarity": 0.6735, "master_pi": "YAR44996", "similar_pi": "YAR45026"}, {"similarity": 0.6732, "master_pi": "YAR44996", "similar_pi": "YAR45065"}, {"similarity": 1.0, "master_pi": "YAR44988", "similar_pi": "YAR44988"}, {"similarity": 0.7503, "master_pi": "YAR44988", "similar_pi": "YAR31481"}, {"similarity": 0.741, "master_pi": "YAR44988", "similar_pi": "YAR45014"}, {"similarity": 0.716, "master_pi": "YAR44988", "similar_pi": "YAR44992"}, {"similarity": 0.7137, "master_pi": "YAR44988", "similar_pi": "YAR45047"}, {"similarity": 0.7037, "master_pi": "YAR44988", "similar_pi": "YAR31474"}, {"similarity": 0.6952, "master_pi": "YAR44988", "similar_pi": "YAR45795"}, {"similarity": 0.694, "master_pi": "YAR44988", "similar_pi": "YAR31406"}, {"similarity": 0.6869, "master_pi": "YAR44988", "similar_pi": "YAR45084"}, {"similarity": 0.6857, "master_pi": "YAR44988", "similar_pi": "YAR45065"}, {"similarity": 0.6846, "master_pi": "YAR44988", "similar_pi": "YAR45027"}, {"similarity": 0.6812, "master_pi": "YAR44988", "similar_pi": "YAR45068"}, {"similarity": 0.6791, "master_pi": "YAR44988", "similar_pi": "YAR45004"}, {"similarity": 0.6675, "master_pi": "YAR44988", "similar_pi": "YAR45066"}, {"similarity": 0.6552, "master_pi": "YAR44988", "similar_pi": "YAR45083"}, {"similarity": 0.6518, "master_pi": "YAR44988", "similar_pi": "YAR44995"}, {"similarity": 0.6461, "master_pi": "YAR44988", "similar_pi": "YAR45034"}, {"similarity": 0.6457, "master_pi": "YAR44988", "similar_pi": "YAR45035"}, {"similarity": 0.6456, "master_pi": "YAR44988", "similar_pi": "YAR45036"}, {"similarity": 0.6431, "master_pi": "YAR44988", "similar_pi": "YAR45896"}, {"similarity": 1.0, "master_pi": "YAR31481", "similar_pi": "YAR31481"}, {"similarity": 0.7503, "master_pi": "YAR31481", "similar_pi": "YAR44988"}, {"similarity": 0.7457, "master_pi": "YAR31481", "similar_pi": "YAR45065"}, {"similarity": 0.7339, "master_pi": "YAR31481", "similar_pi": "YAR31474"}, {"similarity": 0.7224, "master_pi": "YAR31481", "similar_pi": "YAR44995"}, {"similarity": 0.7211, "master_pi": "YAR31481", "similar_pi": "YAR45014"}, {"similarity": 0.713, "master_pi": "YAR31481", "similar_pi": "YAR45047"}, {"similarity": 0.7114, "master_pi": "YAR31481", "similar_pi": "YAR45061"}, {"similarity": 0.7018, "master_pi": "YAR31481", "similar_pi": "YAR45066"}, {"similarity": 0.6977, "master_pi": "YAR31481", "similar_pi": "YAR45041"}, {"similarity": 0.6851, "master_pi": "YAR31481", "similar_pi": "YAR45068"}, {"similarity": 0.6831, "master_pi": "YAR31481", "similar_pi": "YAR31435"}, {"similarity": 0.6818, "master_pi": "YAR31481", "similar_pi": "YAR45036"}, {"similarity": 0.67, "master_pi": "YAR31481", "similar_pi": "YAR45035"}, {"similarity": 0.6684, "master_pi": "YAR31481", "similar_pi": "YAR44999"}, {"similarity": 0.6666, "master_pi": "YAR31481", "similar_pi": "YAR45016"}, {"similarity": 0.6666, "master_pi": "YAR31481", "similar_pi": "YAR45034"}, {"similarity": 0.6665, "master_pi": "YAR31481", "similar_pi": "YAR45025"}, {"similarity": 0.6628, "master_pi": "YAR31481", "similar_pi": "YAR45970"}, {"similarity": 0.6608, "master_pi": "YAR31481", "similar_pi": "YAR45062"}, {"similarity": 1.0, "master_pi": "YAR45066", "similar_pi": "YAR45066"}, {"similarity": 0.9227, "master_pi": "YAR45066", "similar_pi": "YAR45065"}, {"similarity": 0.895, "master_pi": "YAR45066", "similar_pi": "YAR45061"}, {"similarity": 0.8498, "master_pi": "YAR45066", "similar_pi": "YAR45034"}, {"similarity": 0.8443, "master_pi": "YAR45066", "similar_pi": "YAR45041"}, {"similarity": 0.8405, "master_pi": "YAR45066", "similar_pi": "YAR45970"}, {"similarity": 0.7991, "master_pi": "YAR45066", "similar_pi": "YAR45067"}, {"similarity": 0.7937, "master_pi": "YAR45066", "similar_pi": "YAR45033"}, {"similarity": 0.7871, "master_pi": "YAR45066", "similar_pi": "YAR45012"}, {"similarity": 0.7786, "master_pi": "YAR45066", "similar_pi": "YAR45091"}, {"similarity": 0.7737, "master_pi": "YAR45066", "similar_pi": "YAR45046"}, {"similarity": 0.7627, "master_pi": "YAR45066", "similar_pi": "YAR45004"}, {"similarity": 0.7575, "master_pi": "YAR45066", "similar_pi": "YAR45036"}, {"similarity": 0.7389, "master_pi": "YAR45066", "similar_pi": "YAR31435"}, {"similarity": 0.7231, "master_pi": "YAR45066", "similar_pi": "YAR45003"}, {"similarity": 0.7223, "master_pi": "YAR45066", "similar_pi": "YAR44995"}, {"similarity": 0.7178, "master_pi": "YAR45066", "similar_pi": "YAR45084"}, {"similarity": 0.7066, "master_pi": "YAR45066", "similar_pi": "YAR45795"}, {"similarity": 0.7018, "master_pi": "YAR45066", "similar_pi": "YAR31481"}, {"similarity": 0.7007, "master_pi": "YAR45066", "similar_pi": "YAR45035"}, {"similarity": 1.0, "master_pi": "YAR45896", "similar_pi": "YAR45896"}, {"similarity": 0.8609, "master_pi": "YAR45896", "similar_pi": "YAR45026"}, {"similarity": 0.8013, "master_pi": "YAR45896", "similar_pi": "YAR45016"}, {"similarity": 0.7743, "master_pi": "YAR45896", "similar_pi": "YAR45036"}, {"similarity": 0.7677, "master_pi": "YAR45896", "similar_pi": "YAR45027"}, {"similarity": 0.7676, "master_pi": "YAR45896", "similar_pi": "YAR45041"}, {"similarity": 0.7524, "master_pi": "YAR45896", "similar_pi": "YAR31474"}, {"similarity": 0.7481, "master_pi": "YAR45896", "similar_pi": "YAR44994"}, {"similarity": 0.7394, "master_pi": "YAR45896", "similar_pi": "YAR45086"}, {"similarity": 0.7326, "master_pi": "YAR45896", "similar_pi": "YAR45012"}, {"similarity": 0.7175, "master_pi": "YAR45896", "similar_pi": "YAR45004"}, {"similarity": 0.7087, "master_pi": "YAR45896", "similar_pi": "YAR45033"}, {"similarity": 0.7045, "master_pi": "YAR45896", "similar_pi": "YAR45081"}, {"similarity": 0.6997, "master_pi": "YAR45896", "similar_pi": "YAR45970"}, {"similarity": 0.6865, "master_pi": "YAR45896", "similar_pi": "YAR45083"}, {"similarity": 0.6804, "master_pi": "YAR45896", "similar_pi": "YAR45091"}, {"similarity": 0.6765, "master_pi": "YAR45896", "similar_pi": "YAR45084"}, {"similarity": 0.6744, "master_pi": "YAR45896", "similar_pi": "YAR45014"}, {"similarity": 0.6735, "master_pi": "YAR45896", "similar_pi": "YAR45047"}, {"similarity": 0.6692, "master_pi": "YAR45896", "similar_pi": "YAR45003"}, {"similarity": 1.0, "master_pi": "YAR45028", "similar_pi": "YAR45028"}, {"similarity": 0.6955, "master_pi": "YAR45028", "similar_pi": "YAR31406"}, {"similarity": 0.6863, "master_pi": "YAR45028", "similar_pi": "YAR45081"}, {"similarity": 0.6782, "master_pi": "YAR45028", "similar_pi": "YAR45086"}, {"similarity": 0.6734, "master_pi": "YAR45028", "similar_pi": "YAR45083"}, {"similarity": 0.6574, "master_pi": "YAR45028", "similar_pi": "YAR44992"}, {"similarity": 0.6562, "master_pi": "YAR45028", "similar_pi": "YAR45025"}, {"similarity": 0.6474, "master_pi": "YAR45028", "similar_pi": "YAR44997"}, {"similarity": 0.6391, "master_pi": "YAR45028", "similar_pi": "YAR45004"}, {"similarity": 0.6388, "master_pi": "YAR45028", "similar_pi": "YAR45033"}, {"similarity": 0.6318, "master_pi": "YAR45028", "similar_pi": "YAR45022"}, {"similarity": 0.6187, "master_pi": "YAR45028", "similar_pi": "YAR45034"}, {"similarity": 0.6149, "master_pi": "YAR45028", "similar_pi": "YAR45009"}, {"similarity": 0.612, "master_pi": "YAR45028", "similar_pi": "YAR31474"}, {"similarity": 0.6093, "master_pi": "YAR45028", "similar_pi": "YAR45013"}, {"similarity": 0.6063, "master_pi": "YAR45028", "similar_pi": "YAR45047"}, {"similarity": 0.6053, "master_pi": "YAR45028", "similar_pi": "YAR45067"}, {"similarity": 0.6011, "master_pi": "YAR45028", "similar_pi": "YAR45151"}, {"similarity": 0.5979, "master_pi": "YAR45028", "similar_pi": "YAR45035"}, {"similarity": 0.5948, "master_pi": "YAR45028", "similar_pi": "YAR45084"}, {"similarity": 1.0, "master_pi": "YAR45047", "similar_pi": "YAR45047"}, {"similarity": 0.7756, "master_pi": "YAR45047", "similar_pi": "YAR45795"}, {"similarity": 0.7686, "master_pi": "YAR45047", "similar_pi": "YAR45068"}, {"similarity": 0.7686, "master_pi": "YAR45047", "similar_pi": "YAR45083"}, {"similarity": 0.7503, "master_pi": "YAR45047", "similar_pi": "YAR45027"}, {"similarity": 0.739, "master_pi": "YAR45047", "similar_pi": "YAR31474"}, {"similarity": 0.7333, "master_pi": "YAR45047", "similar_pi": "YAR45035"}, {"similarity": 0.7295, "master_pi": "YAR45047", "similar_pi": "YAR44992"}, {"similarity": 0.7282, "master_pi": "YAR45047", "similar_pi": "YAR45062"}, {"similarity": 0.7276, "master_pi": "YAR45047", "similar_pi": "YAR45041"}, {"similarity": 0.726, "master_pi": "YAR45047", "similar_pi": "YAR45084"}, {"similarity": 0.7181, "master_pi": "YAR45047", "similar_pi": "YAR31435"}, {"similarity": 0.7166, "master_pi": "YAR45047", "similar_pi": "YAR44999"}, {"similarity": 0.7155, "master_pi": "YAR45047", "similar_pi": "YAR45081"}, {"similarity": 0.7137, "master_pi": "YAR45047", "similar_pi": "YAR44988"}, {"similarity": 0.713, "master_pi": "YAR45047", "similar_pi": "YAR31481"}, {"similarity": 0.7089, "master_pi": "YAR45047", "similar_pi": "YAR45016"}, {"similarity": 0.7022, "master_pi": "YAR45047", "similar_pi": "YAR45794"}, {"similarity": 0.6934, "master_pi": "YAR45047", "similar_pi": "YAR44997"}, {"similarity": 0.6927, "master_pi": "YAR45047", "similar_pi": "YAR45036"}, {"similarity": 1.0, "master_pi": "YAR45068", "similar_pi": "YAR45068"}, {"similarity": 0.8626, "master_pi": "YAR45068", "similar_pi": "YAR45062"}, {"similarity": 0.8181, "master_pi": "YAR45068", "similar_pi": "YAR45035"}, {"similarity": 0.7973, "master_pi": "YAR45068", "similar_pi": "YAR45923"}, {"similarity": 0.7946, "master_pi": "YAR45068", "similar_pi": "YAR45795"}, {"similarity": 0.7686, "master_pi": "YAR45068", "similar_pi": "YAR45047"}, {"similarity": 0.7554, "master_pi": "YAR45068", "similar_pi": "YAR45151"}, {"similarity": 0.7408, "master_pi": "YAR45068", "similar_pi": "YAR44999"}, {"similarity": 0.738, "master_pi": "YAR45068", "similar_pi": "YAR31435"}, {"similarity": 0.7367, "master_pi": "YAR45068", "similar_pi": "YAR45025"}, {"similarity": 0.729, "master_pi": "YAR45068", "similar_pi": "YAR45083"}, {"similarity": 0.713, "master_pi": "YAR45068", "similar_pi": "YAR45004"}, {"similarity": 0.7083, "master_pi": "YAR45068", "similar_pi": "YAR45027"}, {"similarity": 0.707, "master_pi": "YAR45068", "similar_pi": "YAR44992"}, {"similarity": 0.7048, "master_pi": "YAR45068", "similar_pi": "YAR45794"}, {"similarity": 0.6905, "master_pi": "YAR45068", "similar_pi": "YAR45061"}, {"similarity": 0.6851, "master_pi": "YAR45068", "similar_pi": "YAR31481"}, {"similarity": 0.6843, "master_pi": "YAR45068", "similar_pi": "YAR31474"}, {"similarity": 0.6812, "master_pi": "YAR45068", "similar_pi": "YAR44988"}, {"similarity": 0.6789, "master_pi": "YAR45068", "similar_pi": "YAR45081"}, {"similarity": 1.0, "master_pi": "YAR44999", "similar_pi": "YAR44999"}, {"similarity": 0.8374, "master_pi": "YAR44999", "similar_pi": "YAR45923"}, {"similarity": 0.8372, "master_pi": "YAR44999", "similar_pi": "YAR31435"}, {"similarity": 0.8197, "master_pi": "YAR44999", "similar_pi": "YAR45151"}, {"similarity": 0.7883, "master_pi": "YAR44999", "similar_pi": "YAR45025"}, {"similarity": 0.7853, "master_pi": "YAR44999", "similar_pi": "YAR45035"}, {"similarity": 0.7408, "master_pi": "YAR44999", "similar_pi": "YAR45068"}, {"similarity": 0.7404, "master_pi": "YAR44999", "similar_pi": "YAR45062"}, {"similarity": 0.7248, "master_pi": "YAR44999", "similar_pi": "YAR31474"}, {"similarity": 0.7224, "master_pi": "YAR44999", "similar_pi": "YAR45083"}, {"similarity": 0.7202, "master_pi": "YAR44999", "similar_pi": "YAR45061"}, {"similarity": 0.7192, "master_pi": "YAR44999", "similar_pi": "YAR45016"}, {"similarity": 0.7166, "master_pi": "YAR44999", "similar_pi": "YAR45047"}, {"similarity": 0.7159, "master_pi": "YAR44999", "similar_pi": "YAR45041"}, {"similarity": 0.707, "master_pi": "YAR44999", "similar_pi": "YAR44997"}, {"similarity": 0.7008, "master_pi": "YAR44999", "similar_pi": "YAR45004"}, {"similarity": 0.6966, "master_pi": "YAR44999", "similar_pi": "YAR45970"}, {"similarity": 0.6929, "master_pi": "YAR44999", "similar_pi": "YAR45795"}, {"similarity": 0.679, "master_pi": "YAR44999", "similar_pi": "YAR45066"}, {"similarity": 0.6724, "master_pi": "YAR44999", "similar_pi": "YAR45036"}, {"similarity": 1.0, "master_pi": "YAR45084", "similar_pi": "YAR45084"}, {"similarity": 0.7541, "master_pi": "YAR45084", "similar_pi": "YAR45086"}, {"similarity": 0.7509, "master_pi": "YAR45084", "similar_pi": "YAR45083"}, {"similarity": 0.7472, "master_pi": "YAR45084", "similar_pi": "YAR45041"}, {"similarity": 0.7363, "master_pi": "YAR45084", "similar_pi": "YAR45027"}, {"similarity": 0.735, "master_pi": "YAR45084", "similar_pi": "YAR45795"}, {"similarity": 0.7344, "master_pi": "YAR45084", "similar_pi": "YAR45004"}, {"similarity": 0.7313, "master_pi": "YAR45084", "similar_pi": "YAR45091"}, {"similarity": 0.726, "master_pi": "YAR45084", "similar_pi": "YAR45047"}, {"similarity": 0.7178, "master_pi": "YAR45084", "similar_pi": "YAR45066"}, {"similarity": 0.7157, "master_pi": "YAR45084", "similar_pi": "YAR45036"}, {"similarity": 0.7109, "master_pi": "YAR45084", "similar_pi": "YAR45012"}, {"similarity": 0.7109, "master_pi": "YAR45084", "similar_pi": "YAR45009"}, {"similarity": 0.7014, "master_pi": "YAR45084", "similar_pi": "YAR45014"}, {"similarity": 0.7002, "master_pi": "YAR45084", "similar_pi": "YAR45970"}, {"similarity": 0.7002, "master_pi": "YAR45084", "similar_pi": "YAR44997"}, {"similarity": 0.6994, "master_pi": "YAR45084", "similar_pi": "YAR45065"}, {"similarity": 0.6984, "master_pi": "YAR45084", "similar_pi": "YAR45061"}, {"similarity": 0.6971, "master_pi": "YAR45084", "similar_pi": "YAR45034"}, {"similarity": 0.6888, "master_pi": "YAR45084", "similar_pi": "YAR31474"}, {"similarity": 1.0, "master_pi": "YAR45009", "similar_pi": "YAR45009"}, {"similarity": 0.8158, "master_pi": "YAR45009", "similar_pi": "YAR45012"}, {"similarity": 0.8014, "master_pi": "YAR45009", "similar_pi": "YAR45091"}, {"similarity": 0.7731, "master_pi": "YAR45009", "similar_pi": "YAR45004"}, {"similarity": 0.7698, "master_pi": "YAR45009", "similar_pi": "YAR45033"}, {"similarity": 0.7592, "master_pi": "YAR45009", "similar_pi": "YAR45067"}, {"similarity": 0.7479, "master_pi": "YAR45009", "similar_pi": "YAR45046"}, {"similarity": 0.7425, "master_pi": "YAR45009", "similar_pi": "YAR45036"}, {"similarity": 0.7376, "master_pi": "YAR45009", "similar_pi": "YAR45034"}, {"similarity": 0.7282, "master_pi": "YAR45009", "similar_pi": "YAR45970"}, {"similarity": 0.7273, "master_pi": "YAR45009", "similar_pi": "YAR45081"}, {"similarity": 0.7238, "master_pi": "YAR45009", "similar_pi": "YAR44996"}, {"similarity": 0.7204, "master_pi": "YAR45009", "similar_pi": "YAR45086"}, {"similarity": 0.7109, "master_pi": "YAR45009", "similar_pi": "YAR45084"}, {"similarity": 0.6997, "master_pi": "YAR45009", "similar_pi": "YAR45041"}, {"similarity": 0.6969, "master_pi": "YAR45009", "similar_pi": "YAR45027"}, {"similarity": 0.6945, "master_pi": "YAR45009", "similar_pi": "YAR45035"}, {"similarity": 0.6944, "master_pi": "YAR45009", "similar_pi": "YAR44997"}, {"similarity": 0.6943, "master_pi": "YAR45009", "similar_pi": "YAR45083"}, {"similarity": 0.6933, "master_pi": "YAR45009", "similar_pi": "YAR45795"}, {"similarity": 1.0, "master_pi": "YAR45041", "similar_pi": "YAR45041"}, {"similarity": 0.8603, "master_pi": "YAR45041", "similar_pi": "YAR45970"}, {"similarity": 0.8506, "master_pi": "YAR45041", "similar_pi": "YAR45065"}, {"similarity": 0.8443, "master_pi": "YAR45041", "similar_pi": "YAR45066"}, {"similarity": 0.828, "master_pi": "YAR45041", "similar_pi": "YAR45036"}, {"similarity": 0.827, "master_pi": "YAR45041", "similar_pi": "YAR45004"}, {"similarity": 0.8262, "master_pi": "YAR45041", "similar_pi": "YAR45061"}, {"similarity": 0.8134, "master_pi": "YAR45041", "similar_pi": "YAR45091"}, {"similarity": 0.8092, "master_pi": "YAR45041", "similar_pi": "YAR45012"}, {"similarity": 0.7992, "master_pi": "YAR45041", "similar_pi": "YAR45034"}, {"similarity": 0.7838, "master_pi": "YAR45041", "similar_pi": "YAR45033"}, {"similarity": 0.7715, "master_pi": "YAR45041", "similar_pi": "YAR45046"}, {"similarity": 0.7676, "master_pi": "YAR45041", "similar_pi": "YAR45896"}, {"similarity": 0.7623, "master_pi": "YAR45041", "similar_pi": "YAR45086"}, {"similarity": 0.7588, "master_pi": "YAR45041", "similar_pi": "YAR45067"}, {"similarity": 0.755, "master_pi": "YAR45041", "similar_pi": "YAR45027"}, {"similarity": 0.752, "master_pi": "YAR45041", "similar_pi": "YAR31435"}, {"similarity": 0.7472, "master_pi": "YAR45041", "similar_pi": "YAR45084"}, {"similarity": 0.741, "master_pi": "YAR45041", "similar_pi": "YAR45026"}, {"similarity": 0.7276, "master_pi": "YAR45041", "similar_pi": "YAR45047"}, {"similarity": 1.0, "master_pi": "YAR45067", "similar_pi": "YAR45067"}, {"similarity": 0.8766, "master_pi": "YAR45067", "similar_pi": "YAR45033"}, {"similarity": 0.8762, "master_pi": "YAR45067", "similar_pi": "YAR45034"}, {"similarity": 0.8297, "master_pi": "YAR45067", "similar_pi": "YAR44996"}, {"similarity": 0.7991, "master_pi": "YAR45067", "similar_pi": "YAR45066"}, {"similarity": 0.793, "master_pi": "YAR45067", "similar_pi": "YAR45061"}, {"similarity": 0.782, "master_pi": "YAR45067", "similar_pi": "YAR45065"}, {"similarity": 0.7787, "master_pi": "YAR45067", "similar_pi": "YAR45004"}, {"similarity": 0.7708, "master_pi": "YAR45067", "similar_pi": "YAR45012"}, {"similarity": 0.7629, "master_pi": "YAR45067", "similar_pi": "YAR45091"}, {"similarity": 0.7626, "master_pi": "YAR45067", "similar_pi": "YAR45036"}, {"similarity": 0.7609, "master_pi": "YAR45067", "similar_pi": "YAR45022"}, {"similarity": 0.7592, "master_pi": "YAR45067", "similar_pi": "YAR45009"}, {"similarity": 0.7588, "master_pi": "YAR45067", "similar_pi": "YAR45041"}, {"similarity": 0.7504, "master_pi": "YAR45067", "similar_pi": "YAR45046"}, {"similarity": 0.7404, "master_pi": "YAR45067", "similar_pi": "YAR45970"}, {"similarity": 0.7335, "master_pi": "YAR45067", "similar_pi": "YAR45010"}, {"similarity": 0.7054, "master_pi": "YAR45067", "similar_pi": "YAR45086"}, {"similarity": 0.7044, "master_pi": "YAR45067", "similar_pi": "YAR45003"}, {"similarity": 0.6948, "master_pi": "YAR45067", "similar_pi": "YAR45026"}, {"similarity": 1.0, "master_pi": "YAR45027", "similar_pi": "YAR45027"}, {"similarity": 0.7961, "master_pi": "YAR45027", "similar_pi": "YAR45081"}, {"similarity": 0.7698, "master_pi": "YAR45027", "similar_pi": "YAR45083"}, {"similarity": 0.7677, "master_pi": "YAR45027", "similar_pi": "YAR45896"}, {"similarity": 0.755, "master_pi": "YAR45027", "similar_pi": "YAR45041"}, {"similarity": 0.7505, "master_pi": "YAR45027", "similar_pi": "YAR44997"}, {"similarity": 0.7503, "master_pi": "YAR45027", "similar_pi": "YAR45047"}, {"similarity": 0.7495, "master_pi": "YAR45027", "similar_pi": "YAR45086"}, {"similarity": 0.7403, "master_pi": "YAR45027", "similar_pi": "YAR45794"}, {"similarity": 0.7386, "master_pi": "YAR45027", "similar_pi": "YAR31474"}, {"similarity": 0.7366, "master_pi": "YAR45027", "similar_pi": "YAR45970"}, {"similarity": 0.7363, "master_pi": "YAR45027", "similar_pi": "YAR45084"}, {"similarity": 0.7348, "master_pi": "YAR45027", "similar_pi": "YAR45026"}, {"similarity": 0.7283, "master_pi": "YAR45027", "similar_pi": "YAR45795"}, {"similarity": 0.7281, "master_pi": "YAR45027", "similar_pi": "YAR45004"}, {"similarity": 0.7274, "master_pi": "YAR45027", "similar_pi": "YAR45036"}, {"similarity": 0.7162, "master_pi": "YAR45027", "similar_pi": "YAR45012"}, {"similarity": 0.7083, "master_pi": "YAR45027", "similar_pi": "YAR45068"}, {"similarity": 0.7029, "master_pi": "YAR45027", "similar_pi": "YAR45091"}, {"similarity": 0.7023, "master_pi": "YAR45027", "similar_pi": "YAR31435"}, {"similarity": 1.0, "master_pi": "YAR45091", "similar_pi": "YAR45091"}, {"similarity": 0.8517, "master_pi": "YAR45091", "similar_pi": "YAR45970"}, {"similarity": 0.842, "master_pi": "YAR45091", "similar_pi": "YAR45012"}, {"similarity": 0.8134, "master_pi": "YAR45091", "similar_pi": "YAR45041"}, {"similarity": 0.8111, "master_pi": "YAR45091", "similar_pi": "YAR45034"}, {"similarity": 0.8014, "master_pi": "YAR45091", "similar_pi": "YAR45009"}, {"similarity": 0.7987, "master_pi": "YAR45091", "similar_pi": "YAR45004"}, {"similarity": 0.7857, "master_pi": "YAR45091", "similar_pi": "YAR45086"}, {"similarity": 0.7786, "master_pi": "YAR45091", "similar_pi": "YAR45066"}, {"similarity": 0.7765, "master_pi": "YAR45091", "similar_pi": "YAR45036"}, {"similarity": 0.7674, "master_pi": "YAR45091", "similar_pi": "YAR45061"}, {"similarity": 0.7629, "master_pi": "YAR45091", "similar_pi": "YAR45067"}, {"similarity": 0.7511, "master_pi": "YAR45091", "similar_pi": "YAR45081"}, {"similarity": 0.751, "master_pi": "YAR45091", "similar_pi": "YAR45065"}, {"similarity": 0.7456, "master_pi": "YAR45091", "similar_pi": "YAR45033"}, {"similarity": 0.7336, "master_pi": "YAR45091", "similar_pi": "YAR45046"}, {"similarity": 0.7313, "master_pi": "YAR45091", "similar_pi": "YAR45084"}, {"similarity": 0.7177, "master_pi": "YAR45091", "similar_pi": "YAR45083"}, {"similarity": 0.7029, "master_pi": "YAR45091", "similar_pi": "YAR45027"}, {"similarity": 0.7023, "master_pi": "YAR45091", "similar_pi": "YAR31435"}, {"similarity": 1.0, "master_pi": "YAR45016", "similar_pi": "YAR45016"}, {"similarity": 0.8013, "master_pi": "YAR45016", "similar_pi": "YAR45896"}, {"similarity": 0.7594, "master_pi": "YAR45016", "similar_pi": "YAR45026"}, {"similarity": 0.7581, "master_pi": "YAR45016", "similar_pi": "YAR31474"}, {"similarity": 0.7213, "master_pi": "YAR45016", "similar_pi": "YAR44994"}, {"similarity": 0.7192, "master_pi": "YAR45016", "similar_pi": "YAR44999"}, {"similarity": 0.7089, "master_pi": "YAR45016", "similar_pi": "YAR45047"}, {"similarity": 0.7088, "master_pi": "YAR45016", "similar_pi": "YAR45036"}, {"similarity": 0.7074, "master_pi": "YAR45016", "similar_pi": "YAR45041"}, {"similarity": 0.6964, "master_pi": "YAR45016", "similar_pi": "YAR45027"}, {"similarity": 0.6919, "master_pi": "YAR45016", "similar_pi": "YAR45083"}, {"similarity": 0.6898, "master_pi": "YAR45016", "similar_pi": "YAR31435"}, {"similarity": 0.6858, "master_pi": "YAR45016", "similar_pi": "YAR45081"}, {"similarity": 0.6824, "master_pi": "YAR45016", "similar_pi": "YAR44997"}, {"similarity": 0.679, "master_pi": "YAR45016", "similar_pi": "YAR45794"}, {"similarity": 0.6788, "master_pi": "YAR45016", "similar_pi": "YAR45068"}, {"similarity": 0.6763, "master_pi": "YAR45016", "similar_pi": "YAR45035"}, {"similarity": 0.6666, "master_pi": "YAR45016", "similar_pi": "YAR31481"}, {"similarity": 0.6652, "master_pi": "YAR45016", "similar_pi": "YAR45970"}, {"similarity": 0.6611, "master_pi": "YAR45016", "similar_pi": "YAR45795"}, {"similarity": 1.0, "master_pi": "YAR45151", "similar_pi": "YAR45151"}, {"similarity": 0.8908, "master_pi": "YAR45151", "similar_pi": "YAR45923"}, {"similarity": 0.8199, "master_pi": "YAR45151", "similar_pi": "YAR45025"}, {"similarity": 0.8197, "master_pi": "YAR45151", "similar_pi": "YAR44999"}, {"similarity": 0.7554, "master_pi": "YAR45151", "similar_pi": "YAR45068"}, {"similarity": 0.7532, "master_pi": "YAR45151", "similar_pi": "YAR45035"}, {"similarity": 0.7462, "master_pi": "YAR45151", "similar_pi": "YAR45062"}, {"similarity": 0.7293, "master_pi": "YAR45151", "similar_pi": "YAR31435"}, {"similarity": 0.6999, "master_pi": "YAR45151", "similar_pi": "YAR45004"}, {"similarity": 0.6871, "master_pi": "YAR45151", "similar_pi": "YAR45083"}, {"similarity": 0.6627, "master_pi": "YAR45151", "similar_pi": "YAR45061"}, {"similarity": 0.6538, "master_pi": "YAR45151", "similar_pi": "YAR45047"}, {"similarity": 0.6466, "master_pi": "YAR45151", "similar_pi": "YAR45795"}, {"similarity": 0.6377, "master_pi": "YAR45151", "similar_pi": "YAR45091"}, {"similarity": 0.6377, "master_pi": "YAR45151", "similar_pi": "YAR45081"}, {"similarity": 0.6295, "master_pi": "YAR45151", "similar_pi": "YAR45970"}, {"similarity": 0.6248, "master_pi": "YAR45151", "similar_pi": "YAR45009"}, {"similarity": 0.6246, "master_pi": "YAR45151", "similar_pi": "YAR44997"}, {"similarity": 0.6234, "master_pi": "YAR45151", "similar_pi": "YAR45041"}, {"similarity": 0.6214, "master_pi": "YAR45151", "similar_pi": "YAR31474"}, {"similarity": 1.0, "master_pi": "YAR45012", "similar_pi": "YAR45012"}, {"similarity": 0.842, "master_pi": "YAR45012", "similar_pi": "YAR45091"}, {"similarity": 0.828, "master_pi": "YAR45012", "similar_pi": "YAR45970"}, {"similarity": 0.8183, "master_pi": "YAR45012", "similar_pi": "YAR45036"}, {"similarity": 0.8158, "master_pi": "YAR45012", "similar_pi": "YAR45009"}, {"similarity": 0.8092, "master_pi": "YAR45012", "similar_pi": "YAR45041"}, {"similarity": 0.7953, "master_pi": "YAR45012", "similar_pi": "YAR45033"}, {"similarity": 0.79, "master_pi": "YAR45012", "similar_pi": "YAR45004"}, {"similarity": 0.7884, "master_pi": "YAR45012", "similar_pi": "YAR45046"}, {"similarity": 0.7871, "master_pi": "YAR45012", "similar_pi": "YAR45066"}, {"similarity": 0.7821, "master_pi": "YAR45012", "similar_pi": "YAR45034"}, {"similarity": 0.7708, "master_pi": "YAR45012", "similar_pi": "YAR45067"}, {"similarity": 0.7615, "master_pi": "YAR45012", "similar_pi": "YAR45086"}, {"similarity": 0.7569, "master_pi": "YAR45012", "similar_pi": "YAR45065"}, {"similarity": 0.7517, "master_pi": "YAR45012", "similar_pi": "YAR45061"}, {"similarity": 0.741, "master_pi": "YAR45012", "similar_pi": "YAR45081"}, {"similarity": 0.7326, "master_pi": "YAR45012", "similar_pi": "YAR45896"}, {"similarity": 0.7162, "master_pi": "YAR45012", "similar_pi": "YAR45027"}, {"similarity": 0.7109, "master_pi": "YAR45012", "similar_pi": "YAR45084"}, {"similarity": 0.7102, "master_pi": "YAR45012", "similar_pi": "YAR45026"}, {"similarity": 1.0, "master_pi": "YAR45005", "similar_pi": "YAR45005"}, {"similarity": 0.8027, "master_pi": "YAR45005", "similar_pi": "YAR44990"}, {"similarity": 0.7793, "master_pi": "YAR45005", "similar_pi": "YAR45013"}, {"similarity": 0.7359, "master_pi": "YAR45005", "similar_pi": "YAR45003"}, {"similarity": 0.7326, "master_pi": "YAR45005", "similar_pi": "YAR45022"}, {"similarity": 0.7094, "master_pi": "YAR45005", "similar_pi": "YAR45034"}, {"similarity": 0.6819, "master_pi": "YAR45005", "similar_pi": "YAR44994"}, {"similarity": 0.6738, "master_pi": "YAR45005", "similar_pi": "YAR45010"}, {"similarity": 0.6523, "master_pi": "YAR45005", "similar_pi": "YAR45067"}, {"similarity": 0.6402, "master_pi": "YAR45005", "similar_pi": "YAR44996"}, {"similarity": 0.6263, "master_pi": "YAR45005", "similar_pi": "YAR44995"}, {"similarity": 0.6156, "master_pi": "YAR45005", "similar_pi": "YAR45061"}, {"similarity": 0.6127, "master_pi": "YAR45005", "similar_pi": "YAR45033"}, {"similarity": 0.6021, "master_pi": "YAR45005", "similar_pi": "YAR45066"}, {"similarity": 0.5988, "master_pi": "YAR45005", "similar_pi": "YAR45065"}, {"similarity": 0.5888, "master_pi": "YAR45005", "similar_pi": "YAR31481"}, {"similarity": 0.5731, "master_pi": "YAR45005", "similar_pi": "YAR45026"}, {"similarity": 0.5569, "master_pi": "YAR45005", "similar_pi": "YAR45046"}, {"similarity": 0.5565, "master_pi": "YAR45005", "similar_pi": "YAR45025"}, {"similarity": 0.5478, "master_pi": "YAR45005", "similar_pi": "YAR31474"}, {"similarity": 1.0, "master_pi": "YAR45794", "similar_pi": "YAR45794"}, {"similarity": 0.7904, "master_pi": "YAR45794", "similar_pi": "YAR45081"}, {"similarity": 0.7901, "master_pi": "YAR45794", "similar_pi": "YAR44997"}, {"similarity": 0.7876, "master_pi": "YAR45794", "similar_pi": "YAR45083"}, {"similarity": 0.7742, "master_pi": "YAR45794", "similar_pi": "YAR45035"}, {"similarity": 0.7639, "master_pi": "YAR45794", "similar_pi": "YAR45795"}, {"similarity": 0.7403, "master_pi": "YAR45794", "similar_pi": "YAR45027"}, {"similarity": 0.7066, "master_pi": "YAR45794", "similar_pi": "YAR31435"}, {"similarity": 0.7048, "master_pi": "YAR45794", "similar_pi": "YAR45068"}, {"similarity": 0.7022, "master_pi": "YAR45794", "similar_pi": "YAR45047"}, {"similarity": 0.6975, "master_pi": "YAR45794", "similar_pi": "YAR45086"}, {"similarity": 0.694, "master_pi": "YAR45794", "similar_pi": "YAR44992"}, {"similarity": 0.6937, "master_pi": "YAR45794", "similar_pi": "YAR31474"}, {"similarity": 0.6907, "master_pi": "YAR45794", "similar_pi": "YAR45009"}, {"similarity": 0.6802, "master_pi": "YAR45794", "similar_pi": "YAR45036"}, {"similarity": 0.679, "master_pi": "YAR45794", "similar_pi": "YAR45016"}, {"similarity": 0.6763, "master_pi": "YAR45794", "similar_pi": "YAR45012"}, {"similarity": 0.6688, "master_pi": "YAR45794", "similar_pi": "YAR45033"}, {"similarity": 0.6657, "master_pi": "YAR45794", "similar_pi": "YAR45026"}, {"similarity": 0.6645, "master_pi": "YAR45794", "similar_pi": "YAR44999"}, {"similarity": 1.0, "master_pi": "YAR45014", "similar_pi": "YAR45014"}, {"similarity": 0.7908, "master_pi": "YAR45014", "similar_pi": "YAR31406"}, {"similarity": 0.7438, "master_pi": "YAR45014", "similar_pi": "YAR31474"}, {"similarity": 0.741, "master_pi": "YAR45014", "similar_pi": "YAR44988"}, {"similarity": 0.7211, "master_pi": "YAR45014", "similar_pi": "YAR31481"}, {"similarity": 0.7194, "master_pi": "YAR45014", "similar_pi": "YAR45065"}, {"similarity": 0.7121, "master_pi": "YAR45014", "similar_pi": "YAR44992"}, {"similarity": 0.7066, "master_pi": "YAR45014", "similar_pi": "YAR45036"}, {"similarity": 0.706, "master_pi": "YAR45014", "similar_pi": "YAR45033"}, {"similarity": 0.7014, "master_pi": "YAR45014", "similar_pi": "YAR45084"}, {"similarity": 0.6968, "master_pi": "YAR45014", "similar_pi": "YAR45041"}, {"similarity": 0.6889, "master_pi": "YAR45014", "similar_pi": "YAR45027"}, {"similarity": 0.6886, "master_pi": "YAR45014", "similar_pi": "YAR45034"}, {"similarity": 0.6829, "master_pi": "YAR45014", "similar_pi": "YAR45004"}, {"similarity": 0.6804, "master_pi": "YAR45014", "similar_pi": "YAR45066"}, {"similarity": 0.6744, "master_pi": "YAR45014", "similar_pi": "YAR45896"}, {"similarity": 0.6666, "master_pi": "YAR45014", "similar_pi": "YAR45022"}, {"similarity": 0.6651, "master_pi": "YAR45014", "similar_pi": "YAR45067"}, {"similarity": 0.6587, "master_pi": "YAR45014", "similar_pi": "YAR45086"}, {"similarity": 0.6533, "master_pi": "YAR45014", "similar_pi": "YAR45047"}, {"similarity": 1.0, "master_pi": "YAR45046", "similar_pi": "YAR45046"}, {"similarity": 0.7972, "master_pi": "YAR45046", "similar_pi": "YAR45034"}, {"similarity": 0.7916, "master_pi": "YAR45046", "similar_pi": "YAR45061"}, {"similarity": 0.7884, "master_pi": "YAR45046", "similar_pi": "YAR45012"}, {"similarity": 0.7833, "master_pi": "YAR45046", "similar_pi": "YAR45033"}, {"similarity": 0.7793, "master_pi": "YAR45046", "similar_pi": "YAR45036"}, {"similarity": 0.7788, "master_pi": "YAR45046", "similar_pi": "YAR45065"}, {"similarity": 0.7737, "master_pi": "YAR45046", "similar_pi": "YAR45066"}, {"similarity": 0.7715, "master_pi": "YAR45046", "similar_pi": "YAR45041"}, {"similarity": 0.7699, "master_pi": "YAR45046", "similar_pi": "YAR45970"}, {"similarity": 0.7504, "master_pi": "YAR45046", "similar_pi": "YAR45067"}, {"similarity": 0.7479, "master_pi": "YAR45046", "similar_pi": "YAR45009"}, {"similarity": 0.7401, "master_pi": "YAR45046", "similar_pi": "YAR45004"}, {"similarity": 0.7336, "master_pi": "YAR45046", "similar_pi": "YAR45091"}, {"similarity": 0.7146, "master_pi": "YAR45046", "similar_pi": "YAR45035"}, {"similarity": 0.692, "master_pi": "YAR45046", "similar_pi": "YAR45795"}, {"similarity": 0.6908, "master_pi": "YAR45046", "similar_pi": "YAR45003"}, {"similarity": 0.6794, "master_pi": "YAR45046", "similar_pi": "YAR45025"}, {"similarity": 0.6744, "master_pi": "YAR45046", "similar_pi": "YAR44997"}, {"similarity": 0.6744, "master_pi": "YAR45046", "similar_pi": "YAR44996"}, {"similarity": 1.0, "master_pi": "YAR45923", "similar_pi": "YAR45923"}, {"similarity": 0.8908, "master_pi": "YAR45923", "similar_pi": "YAR45151"}, {"similarity": 0.8374, "master_pi": "YAR45923", "similar_pi": "YAR44999"}, {"similarity": 0.7973, "master_pi": "YAR45923", "similar_pi": "YAR45068"}, {"similarity": 0.7963, "master_pi": "YAR45923", "similar_pi": "YAR45025"}, {"similarity": 0.7904, "master_pi": "YAR45923", "similar_pi": "YAR45062"}, {"similarity": 0.747, "master_pi": "YAR45923", "similar_pi": "YAR45035"}, {"similarity": 0.732, "master_pi": "YAR45923", "similar_pi": "YAR31435"}, {"similarity": 0.6969, "master_pi": "YAR45923", "similar_pi": "YAR45004"}, {"similarity": 0.6849, "master_pi": "YAR45923", "similar_pi": "YAR45047"}, {"similarity": 0.6693, "master_pi": "YAR45923", "similar_pi": "YAR45061"}, {"similarity": 0.6629, "master_pi": "YAR45923", "similar_pi": "YAR45083"}, {"similarity": 0.6527, "master_pi": "YAR45923", "similar_pi": "YAR45795"}, {"similarity": 0.6511, "master_pi": "YAR45923", "similar_pi": "YAR45041"}, {"similarity": 0.6457, "master_pi": "YAR45923", "similar_pi": "YAR45016"}, {"similarity": 0.645, "master_pi": "YAR45923", "similar_pi": "YAR45081"}, {"similarity": 0.6434, "master_pi": "YAR45923", "similar_pi": "YAR31481"}, {"similarity": 0.635, "master_pi": "YAR45923", "similar_pi": "YAR45033"}, {"similarity": 0.6346, "master_pi": "YAR45923", "similar_pi": "YAR45036"}, {"similarity": 0.6305, "master_pi": "YAR45923", "similar_pi": "YAR45046"}, {"similarity": 1.0, "master_pi": "YAR45795", "similar_pi": "YAR45795"}, {"similarity": 0.8278, "master_pi": "YAR45795", "similar_pi": "YAR45035"}, {"similarity": 0.814, "master_pi": "YAR45795", "similar_pi": "YAR45083"}, {"similarity": 0.7946, "master_pi": "YAR45795", "similar_pi": "YAR45068"}, {"similarity": 0.7756, "master_pi": "YAR45795", "similar_pi": "YAR45047"}, {"similarity": 0.7688, "master_pi": "YAR45795", "similar_pi": "YAR44997"}, {"similarity": 0.7639, "master_pi": "YAR45795", "similar_pi": "YAR45794"}, {"similarity": 0.7489, "master_pi": "YAR45795", "similar_pi": "YAR31435"}, {"similarity": 0.7426, "master_pi": "YAR45795", "similar_pi": "YAR45062"}, {"similarity": 0.735, "master_pi": "YAR45795", "similar_pi": "YAR45084"}, {"similarity": 0.73, "master_pi": "YAR45795", "similar_pi": "YAR45004"}, {"similarity": 0.7283, "master_pi": "YAR45795", "similar_pi": "YAR45027"}, {"similarity": 0.7264, "master_pi": "YAR45795", "similar_pi": "YAR45061"}, {"similarity": 0.7078, "master_pi": "YAR45795", "similar_pi": "YAR44992"}, {"similarity": 0.7078, "master_pi": "YAR45795", "similar_pi": "YAR45970"}, {"similarity": 0.7069, "master_pi": "YAR45795", "similar_pi": "YAR45033"}, {"similarity": 0.7066, "master_pi": "YAR45795", "similar_pi": "YAR45066"}, {"similarity": 0.7028, "master_pi": "YAR45795", "similar_pi": "YAR45041"}, {"similarity": 0.702, "master_pi": "YAR45795", "similar_pi": "YAR45012"}, {"similarity": 0.6967, "master_pi": "YAR45795", "similar_pi": "YAR45065"}, {"similarity": 1.0, "master_pi": "YAR31406", "similar_pi": "YAR31406"}, {"similarity": 0.7908, "master_pi": "YAR31406", "similar_pi": "YAR45014"}, {"similarity": 0.7292, "master_pi": "YAR31406", "similar_pi": "YAR44992"}, {"similarity": 0.7266, "master_pi": "YAR31406", "similar_pi": "YAR45086"}, {"similarity": 0.718, "master_pi": "YAR31406", "similar_pi": "YAR31474"}, {"similarity": 0.7079, "master_pi": "YAR31406", "similar_pi": "YAR45004"}, {"similarity": 0.6955, "master_pi": "YAR31406", "similar_pi": "YAR45028"}, {"similarity": 0.694, "master_pi": "YAR31406", "similar_pi": "YAR44988"}, {"similarity": 0.6891, "master_pi": "YAR31406", "similar_pi": "YAR45033"}, {"similarity": 0.6883, "master_pi": "YAR31406", "similar_pi": "YAR45084"}, {"similarity": 0.6854, "master_pi": "YAR31406", "similar_pi": "YAR45083"}, {"similarity": 0.6849, "master_pi": "YAR31406", "similar_pi": "YAR45081"}, {"similarity": 0.6802, "master_pi": "YAR31406", "similar_pi": "YAR45027"}, {"similarity": 0.6802, "master_pi": "YAR31406", "similar_pi": "YAR45022"}, {"similarity": 0.6747, "master_pi": "YAR31406", "similar_pi": "YAR45036"}, {"similarity": 0.6729, "master_pi": "YAR31406", "similar_pi": "YAR45041"}, {"similarity": 0.6636, "master_pi": "YAR31406", "similar_pi": "YAR45067"}, {"similarity": 0.6621, "master_pi": "YAR31406", "similar_pi": "YAR45091"}, {"similarity": 0.6587, "master_pi": "YAR31406", "similar_pi": "YAR45896"}, {"similarity": 0.657, "master_pi": "YAR31406", "similar_pi": "YAR45034"}, {"similarity": 1.0, "master_pi": "YAR45970", "similar_pi": "YAR45970"}, {"similarity": 0.8603, "master_pi": "YAR45970", "similar_pi": "YAR45041"}, {"similarity": 0.8517, "master_pi": "YAR45970", "similar_pi": "YAR45091"}, {"similarity": 0.8405, "master_pi": "YAR45970", "similar_pi": "YAR45066"}, {"similarity": 0.828, "master_pi": "YAR45970", "similar_pi": "YAR45012"}, {"similarity": 0.8257, "master_pi": "YAR45970", "similar_pi": "YAR45065"}, {"similarity": 0.8191, "master_pi": "YAR45970", "similar_pi": "YAR45061"}, {"similarity": 0.7892, "master_pi": "YAR45970", "similar_pi": "YAR45034"}, {"similarity": 0.7831, "master_pi": "YAR45970", "similar_pi": "YAR45036"}, {"similarity": 0.772, "master_pi": "YAR45970", "similar_pi": "YAR45004"}, {"similarity": 0.7699, "master_pi": "YAR45970", "similar_pi": "YAR45046"}, {"similarity": 0.7649, "master_pi": "YAR45970", "similar_pi": "YAR45033"}, {"similarity": 0.7404, "master_pi": "YAR45970", "similar_pi": "YAR45067"}, {"similarity": 0.7366, "master_pi": "YAR45970", "similar_pi": "YAR45027"}, {"similarity": 0.7334, "master_pi": "YAR45970", "similar_pi": "YAR31435"}, {"similarity": 0.7282, "master_pi": "YAR45970", "similar_pi": "YAR45009"}, {"similarity": 0.7206, "master_pi": "YAR45970", "similar_pi": "YAR45026"}, {"similarity": 0.7195, "master_pi": "YAR45970", "similar_pi": "YAR45081"}, {"similarity": 0.7091, "master_pi": "YAR45970", "similar_pi": "YAR45086"}, {"similarity": 0.7078, "master_pi": "YAR45970", "similar_pi": "YAR45795"}, {"similarity": 1.0, "master_pi": "YAR45003", "similar_pi": "YAR45003"}, {"similarity": 0.8259, "master_pi": "YAR45003", "similar_pi": "YAR44994"}, {"similarity": 0.7606, "master_pi": "YAR45003", "similar_pi": "YAR45026"}, {"similarity": 0.7603, "master_pi": "YAR45003", "similar_pi": "YAR45034"}, {"similarity": 0.7572, "master_pi": "YAR45003", "similar_pi": "YAR44995"}, {"similarity": 0.7521, "master_pi": "YAR45003", "similar_pi": "YAR45013"}, {"similarity": 0.7478, "master_pi": "YAR45003", "similar_pi": "YAR44990"}, {"similarity": 0.7435, "master_pi": "YAR45003", "similar_pi": "YAR45065"}, {"similarity": 0.7359, "master_pi": "YAR45003", "similar_pi": "YAR45005"}, {"similarity": 0.7354, "master_pi": "YAR45003", "similar_pi": "YAR45022"}, {"similarity": 0.7231, "master_pi": "YAR45003", "similar_pi": "YAR45066"}, {"similarity": 0.7198, "master_pi": "YAR45003", "similar_pi": "YAR44996"}, {"similarity": 0.7062, "master_pi": "YAR45003", "similar_pi": "YAR45041"}, {"similarity": 0.7044, "master_pi": "YAR45003", "similar_pi": "YAR45067"}, {"similarity": 0.698, "master_pi": "YAR45003", "similar_pi": "YAR45033"}, {"similarity": 0.6975, "master_pi": "YAR45003", "similar_pi": "YAR45061"}, {"similarity": 0.6908, "master_pi": "YAR45003", "similar_pi": "YAR45046"}, {"similarity": 0.6848, "master_pi": "YAR45003", "similar_pi": "YAR45010"}, {"similarity": 0.6832, "master_pi": "YAR45003", "similar_pi": "YAR45970"}, {"similarity": 0.6692, "master_pi": "YAR45003", "similar_pi": "YAR45896"}, {"similarity": 1.0, "master_pi": "YAR45061", "similar_pi": "YAR45061"}, {"similarity": 0.895, "master_pi": "YAR45061", "similar_pi": "YAR45066"}, {"similarity": 0.8916, "master_pi": "YAR45061", "similar_pi": "YAR45065"}, {"similarity": 0.8558, "master_pi": "YAR45061", "similar_pi": "YAR45034"}, {"similarity": 0.8262, "master_pi": "YAR45061", "similar_pi": "YAR45041"}, {"similarity": 0.8191, "master_pi": "YAR45061", "similar_pi": "YAR45970"}, {"similarity": 0.7964, "master_pi": "YAR45061", "similar_pi": "YAR45004"}, {"similarity": 0.793, "master_pi": "YAR45061", "similar_pi": "YAR45067"}, {"similarity": 0.7916, "master_pi": "YAR45061", "similar_pi": "YAR45046"}, {"similarity": 0.7862, "master_pi": "YAR45061", "similar_pi": "YAR45033"}, {"similarity": 0.778, "master_pi": "YAR45061", "similar_pi": "YAR31435"}, {"similarity": 0.7674, "master_pi": "YAR45061", "similar_pi": "YAR45091"}, {"similarity": 0.7549, "master_pi": "YAR45061", "similar_pi": "YAR45036"}, {"similarity": 0.7538, "master_pi": "YAR45061", "similar_pi": "YAR45035"}, {"similarity": 0.7517, "master_pi": "YAR45061", "similar_pi": "YAR45012"}, {"similarity": 0.7264, "master_pi": "YAR45061", "similar_pi": "YAR45795"}, {"similarity": 0.7264, "master_pi": "YAR45061", "similar_pi": "YAR44995"}, {"similarity": 0.7202, "master_pi": "YAR45061", "similar_pi": "YAR44999"}, {"similarity": 0.7176, "master_pi": "YAR45061", "similar_pi": "YAR45062"}, {"similarity": 0.7126, "master_pi": "YAR45061", "similar_pi": "YAR45025"}, {"similarity": 1.0, "master_pi": "YAR45033", "similar_pi": "YAR45033"}, {"similarity": 0.8766, "master_pi": "YAR45033", "similar_pi": "YAR45067"}, {"similarity": 0.8483, "master_pi": "YAR45033", "similar_pi": "YAR45034"}, {"similarity": 0.8388, "master_pi": "YAR45033", "similar_pi": "YAR45036"}, {"similarity": 0.7953, "master_pi": "YAR45033", "similar_pi": "YAR45012"}, {"similarity": 0.7937, "master_pi": "YAR45033", "similar_pi": "YAR45066"}, {"similarity": 0.7867, "master_pi": "YAR45033", "similar_pi": "YAR44996"}, {"similarity": 0.7862, "master_pi": "YAR45033", "similar_pi": "YAR45061"}, {"similarity": 0.7855, "master_pi": "YAR45033", "similar_pi": "YAR45065"}, {"similarity": 0.7838, "master_pi": "YAR45033", "similar_pi": "YAR45041"}, {"similarity": 0.7833, "master_pi": "YAR45033", "similar_pi": "YAR45046"}, {"similarity": 0.7737, "master_pi": "YAR45033", "similar_pi": "YAR45004"}, {"similarity": 0.7698, "master_pi": "YAR45033", "similar_pi": "YAR45009"}, {"similarity": 0.7649, "master_pi": "YAR45033", "similar_pi": "YAR45970"}, {"similarity": 0.7542, "master_pi": "YAR45033", "similar_pi": "YAR45026"}, {"similarity": 0.7456, "master_pi": "YAR45033", "similar_pi": "YAR45091"}, {"similarity": 0.7441, "master_pi": "YAR45033", "similar_pi": "YAR45086"}, {"similarity": 0.7289, "master_pi": "YAR45033", "similar_pi": "YAR45081"}, {"similarity": 0.7199, "master_pi": "YAR45033", "similar_pi": "YAR45022"}, {"similarity": 0.7114, "master_pi": "YAR45033", "similar_pi": "YAR44997"}, {"similarity": 1.0, "master_pi": "YAR31474", "similar_pi": "YAR31474"}, {"similarity": 0.7845, "master_pi": "YAR31474", "similar_pi": "YAR45083"}, {"similarity": 0.7688, "master_pi": "YAR31474", "similar_pi": "YAR31435"}, {"similarity": 0.759, "master_pi": "YAR31474", "similar_pi": "YAR44992"}, {"similarity": 0.7581, "master_pi": "YAR31474", "similar_pi": "YAR45016"}, {"similarity": 0.7524, "master_pi": "YAR31474", "similar_pi": "YAR45896"}, {"similarity": 0.7458, "master_pi": "YAR31474", "similar_pi": "YAR45035"}, {"similarity": 0.7438, "master_pi": "YAR31474", "similar_pi": "YAR45014"}, {"similarity": 0.739, "master_pi": "YAR31474", "similar_pi": "YAR45047"}, {"similarity": 0.7386, "master_pi": "YAR31474", "similar_pi": "YAR45027"}, {"similarity": 0.7377, "master_pi": "YAR31474", "similar_pi": "YAR45036"}, {"similarity": 0.7345, "master_pi": "YAR31474", "similar_pi": "YAR44997"}, {"similarity": 0.7339, "master_pi": "YAR31474", "similar_pi": "YAR31481"}, {"similarity": 0.7264, "master_pi": "YAR31474", "similar_pi": "YAR45026"}, {"similarity": 0.7248, "master_pi": "YAR31474", "similar_pi": "YAR44999"}, {"similarity": 0.718, "master_pi": "YAR31474", "similar_pi": "YAR31406"}, {"similarity": 0.7171, "master_pi": "YAR31474", "similar_pi": "YAR45081"}, {"similarity": 0.7076, "master_pi": "YAR31474", "similar_pi": "YAR45041"}, {"similarity": 0.7067, "master_pi": "YAR31474", "similar_pi": "YAR45065"}, {"similarity": 0.7037, "master_pi": "YAR31474", "similar_pi": "YAR44988"}, {"similarity": 1.0, "master_pi": "YAR44997", "similar_pi": "YAR44997"}, {"similarity": 0.7925, "master_pi": "YAR44997", "similar_pi": "YAR45083"}, {"similarity": 0.7901, "master_pi": "YAR44997", "similar_pi": "YAR45794"}, {"similarity": 0.7688, "master_pi": "YAR44997", "similar_pi": "YAR45795"}, {"similarity": 0.7684, "master_pi": "YAR44997", "similar_pi": "YAR45081"}, {"similarity": 0.7567, "master_pi": "YAR44997", "similar_pi": "YAR45035"}, {"similarity": 0.7505, "master_pi": "YAR44997", "similar_pi": "YAR45027"}, {"similarity": 0.7378, "master_pi": "YAR44997", "similar_pi": "YAR31435"}, {"similarity": 0.7345, "master_pi": "YAR44997", "similar_pi": "YAR31474"}, {"similarity": 0.7114, "master_pi": "YAR44997", "similar_pi": "YAR45033"}, {"similarity": 0.7108, "master_pi": "YAR44997", "similar_pi": "YAR45036"}, {"similarity": 0.7076, "master_pi": "YAR44997", "similar_pi": "YAR45025"}, {"similarity": 0.707, "master_pi": "YAR44997", "similar_pi": "YAR44999"}, {"similarity": 0.706, "master_pi": "YAR44997", "similar_pi": "YAR45004"}, {"similarity": 0.7002, "master_pi": "YAR44997", "similar_pi": "YAR45084"}, {"similarity": 0.6944, "master_pi": "YAR44997", "similar_pi": "YAR45009"}, {"similarity": 0.6934, "master_pi": "YAR44997", "similar_pi": "YAR45047"}, {"similarity": 0.6916, "master_pi": "YAR44997", "similar_pi": "YAR45086"}, {"similarity": 0.6884, "master_pi": "YAR44997", "similar_pi": "YAR44992"}, {"similarity": 0.6883, "master_pi": "YAR44997", "similar_pi": "YAR45041"}, {"similarity": 1.0, "master_pi": "YAR44995", "similar_pi": "YAR44995"}, {"similarity": 0.7683, "master_pi": "YAR44995", "similar_pi": "YAR45065"}, {"similarity": 0.7572, "master_pi": "YAR44995", "similar_pi": "YAR45003"}, {"similarity": 0.7346, "master_pi": "YAR44995", "similar_pi": "YAR44994"}, {"similarity": 0.7264, "master_pi": "YAR44995", "similar_pi": "YAR45061"}, {"similarity": 0.7224, "master_pi": "YAR44995", "similar_pi": "YAR31481"}, {"similarity": 0.7223, "master_pi": "YAR44995", "similar_pi": "YAR45066"}, {"similarity": 0.717, "master_pi": "YAR44995", "similar_pi": "YAR45041"}, {"similarity": 0.702, "master_pi": "YAR44995", "similar_pi": "YAR45034"}, {"similarity": 0.6986, "master_pi": "YAR44995", "similar_pi": "YAR45970"}, {"similarity": 0.6816, "master_pi": "YAR44995", "similar_pi": "YAR45036"}, {"similarity": 0.6786, "master_pi": "YAR44995", "similar_pi": "YAR45027"}, {"similarity": 0.6668, "master_pi": "YAR44995", "similar_pi": "YAR45026"}, {"similarity": 0.6639, "master_pi": "YAR44995", "similar_pi": "YAR45013"}, {"similarity": 0.6586, "master_pi": "YAR44995", "similar_pi": "YAR31474"}, {"similarity": 0.6554, "master_pi": "YAR44995", "similar_pi": "YAR45067"}, {"similarity": 0.6522, "master_pi": "YAR44995", "similar_pi": "YAR45004"}, {"similarity": 0.6518, "master_pi": "YAR44995", "similar_pi": "YAR44988"}, {"similarity": 0.6506, "master_pi": "YAR44995", "similar_pi": "YAR45022"}, {"similarity": 0.6441, "master_pi": "YAR44995", "similar_pi": "YAR45033"}, {"similarity": 1.0, "master_pi": "YAR31435", "similar_pi": "YAR31435"}, {"similarity": 0.8372, "master_pi": "YAR31435", "similar_pi": "YAR44999"}, {"similarity": 0.8141, "master_pi": "YAR31435", "similar_pi": "YAR45035"}, {"similarity": 0.7923, "master_pi": "YAR31435", "similar_pi": "YAR45083"}, {"similarity": 0.778, "master_pi": "YAR31435", "similar_pi": "YAR45061"}, {"similarity": 0.7688, "master_pi": "YAR31435", "similar_pi": "YAR31474"}, {"similarity": 0.752, "master_pi": "YAR31435", "similar_pi": "YAR45041"}, {"similarity": 0.7513, "master_pi": "YAR31435", "similar_pi": "YAR45062"}, {"similarity": 0.7489, "master_pi": "YAR31435", "similar_pi": "YAR45795"}, {"similarity": 0.7483, "master_pi": "YAR31435", "similar_pi": "YAR45025"}, {"similarity": 0.7389, "master_pi": "YAR31435", "similar_pi": "YAR45066"}, {"similarity": 0.738, "master_pi": "YAR31435", "similar_pi": "YAR45068"}, {"similarity": 0.7378, "master_pi": "YAR31435", "similar_pi": "YAR44997"}, {"similarity": 0.7345, "master_pi": "YAR31435", "similar_pi": "YAR45081"}, {"similarity": 0.7334, "master_pi": "YAR31435", "similar_pi": "YAR45970"}, {"similarity": 0.732, "master_pi": "YAR31435", "similar_pi": "YAR45923"}, {"similarity": 0.7293, "master_pi": "YAR31435", "similar_pi": "YAR45151"}, {"similarity": 0.723, "master_pi": "YAR31435", "similar_pi": "YAR45065"}, {"similarity": 0.7217, "master_pi": "YAR31435", "similar_pi": "YAR45036"}, {"similarity": 0.7181, "master_pi": "YAR31435", "similar_pi": "YAR45047"}, {"similarity": 1.0, "master_pi": "YAR45034", "similar_pi": "YAR45034"}, {"similarity": 0.8762, "master_pi": "YAR45034", "similar_pi": "YAR45067"}, {"similarity": 0.8558, "master_pi": "YAR45034", "similar_pi": "YAR45061"}, {"similarity": 0.8498, "master_pi": "YAR45034", "similar_pi": "YAR45066"}, {"similarity": 0.8483, "master_pi": "YAR45034", "similar_pi": "YAR45033"}, {"similarity": 0.8366, "master_pi": "YAR45034", "similar_pi": "YAR45065"}, {"similarity": 0.8111, "master_pi": "YAR45034", "similar_pi": "YAR45091"}, {"similarity": 0.7992, "master_pi": "YAR45034", "similar_pi": "YAR45041"}, {"similarity": 0.7972, "master_pi": "YAR45034", "similar_pi": "YAR45046"}, {"similarity": 0.7927, "master_pi": "YAR45034", "similar_pi": "YAR45004"}, {"similarity": 0.7892, "master_pi": "YAR45034", "similar_pi": "YAR45970"}, {"similarity": 0.7871, "master_pi": "YAR45034", "similar_pi": "YAR44996"}, {"similarity": 0.7821, "master_pi": "YAR45034", "similar_pi": "YAR45012"}, {"similarity": 0.7773, "master_pi": "YAR45034", "similar_pi": "YAR45022"}, {"similarity": 0.7748, "master_pi": "YAR45034", "similar_pi": "YAR45036"}, {"similarity": 0.7603, "master_pi": "YAR45034", "similar_pi": "YAR45003"}, {"similarity": 0.7376, "master_pi": "YAR45034", "similar_pi": "YAR45009"}, {"similarity": 0.7365, "master_pi": "YAR45034", "similar_pi": "YAR45010"}, {"similarity": 0.7343, "master_pi": "YAR45034", "similar_pi": "YAR45086"}, {"similarity": 0.7329, "master_pi": "YAR45034", "similar_pi": "YAR44990"}, {"similarity": 1.0, "master_pi": "YAR45035", "similar_pi": "YAR45035"}, {"similarity": 0.8278, "master_pi": "YAR45035", "similar_pi": "YAR45795"}, {"similarity": 0.8181, "master_pi": "YAR45035", "similar_pi": "YAR45068"}, {"similarity": 0.8141, "master_pi": "YAR45035", "similar_pi": "YAR31435"}, {"similarity": 0.8043, "master_pi": "YAR45035", "similar_pi": "YAR45062"}, {"similarity": 0.7898, "master_pi": "YAR45035", "similar_pi": "YAR45083"}, {"similarity": 0.7853, "master_pi": "YAR45035", "similar_pi": "YAR44999"}, {"similarity": 0.7742, "master_pi": "YAR45035", "similar_pi": "YAR45794"}, {"similarity": 0.7567, "master_pi": "YAR45035", "similar_pi": "YAR44997"}, {"similarity": 0.7538, "master_pi": "YAR45035", "similar_pi": "YAR45061"}, {"similarity": 0.7532, "master_pi": "YAR45035", "similar_pi": "YAR45151"}, {"similarity": 0.749, "master_pi": "YAR45035", "similar_pi": "YAR45025"}, {"similarity": 0.747, "master_pi": "YAR45035", "similar_pi": "YAR45923"}, {"similarity": 0.7458, "master_pi": "YAR45035", "similar_pi": "YAR31474"}, {"similarity": 0.7333, "master_pi": "YAR45035", "similar_pi": "YAR45047"}, {"similarity": 0.7259, "master_pi": "YAR45035", "similar_pi": "YAR45004"}, {"similarity": 0.7146, "master_pi": "YAR45035", "similar_pi": "YAR45046"}, {"similarity": 0.7109, "master_pi": "YAR45035", "similar_pi": "YAR44992"}, {"similarity": 0.7104, "master_pi": "YAR45035", "similar_pi": "YAR45036"}, {"similarity": 0.7087, "master_pi": "YAR45035", "similar_pi": "YAR45081"}, {"similarity": 1.0, "master_pi": "YAR45036", "similar_pi": "YAR45036"}, {"similarity": 0.8388, "master_pi": "YAR45036", "similar_pi": "YAR45033"}, {"similarity": 0.828, "master_pi": "YAR45036", "similar_pi": "YAR45041"}, {"similarity": 0.8183, "master_pi": "YAR45036", "similar_pi": "YAR45012"}, {"similarity": 0.796, "master_pi": "YAR45036", "similar_pi": "YAR45065"}, {"similarity": 0.7831, "master_pi": "YAR45036", "similar_pi": "YAR45970"}, {"similarity": 0.7826, "master_pi": "YAR45036", "similar_pi": "YAR45004"}, {"similarity": 0.7793, "master_pi": "YAR45036", "similar_pi": "YAR45046"}, {"similarity": 0.7765, "master_pi": "YAR45036", "similar_pi": "YAR45091"}, {"similarity": 0.7748, "master_pi": "YAR45036", "similar_pi": "YAR45034"}, {"similarity": 0.7743, "master_pi": "YAR45036", "similar_pi": "YAR45896"}, {"similarity": 0.7667, "master_pi": "YAR45036", "similar_pi": "YAR45026"}, {"similarity": 0.7626, "master_pi": "YAR45036", "similar_pi": "YAR45067"}, {"similarity": 0.7575, "master_pi": "YAR45036", "similar_pi": "YAR45066"}, {"similarity": 0.7549, "master_pi": "YAR45036", "similar_pi": "YAR45061"}, {"similarity": 0.7425, "master_pi": "YAR45036", "similar_pi": "YAR45009"}, {"similarity": 0.7377, "master_pi": "YAR45036", "similar_pi": "YAR31474"}, {"similarity": 0.7274, "master_pi": "YAR45036", "similar_pi": "YAR45027"}, {"similarity": 0.7258, "master_pi": "YAR45036", "similar_pi": "YAR45086"}, {"similarity": 0.7217, "master_pi": "YAR45036", "similar_pi": "YAR31435"}, {"similarity": 1.0, "master_pi": "YAR45083", "similar_pi": "YAR45083"}, {"similarity": 0.814, "master_pi": "YAR45083", "similar_pi": "YAR45795"}, {"similarity": 0.8064, "master_pi": "YAR45083", "similar_pi": "YAR45081"}, {"similarity": 0.7925, "master_pi": "YAR45083", "similar_pi": "YAR44997"}, {"similarity": 0.7923, "master_pi": "YAR45083", "similar_pi": "YAR31435"}, {"similarity": 0.7898, "master_pi": "YAR45083", "similar_pi": "YAR45035"}, {"similarity": 0.7876, "master_pi": "YAR45083", "similar_pi": "YAR45794"}, {"similarity": 0.7845, "master_pi": "YAR45083", "similar_pi": "YAR31474"}, {"similarity": 0.775, "master_pi": "YAR45083", "similar_pi": "YAR44992"}, {"similarity": 0.7698, "master_pi": "YAR45083", "similar_pi": "YAR45027"}, {"similarity": 0.7686, "master_pi": "YAR45083", "similar_pi": "YAR45047"}, {"similarity": 0.7509, "master_pi": "YAR45083", "similar_pi": "YAR45084"}, {"similarity": 0.729, "master_pi": "YAR45083", "similar_pi": "YAR45068"}, {"similarity": 0.7248, "master_pi": "YAR45083", "similar_pi": "YAR45086"}, {"similarity": 0.7224, "master_pi": "YAR45083", "similar_pi": "YAR44999"}, {"similarity": 0.7177, "master_pi": "YAR45083", "similar_pi": "YAR45091"}, {"similarity": 0.714, "master_pi": "YAR45083", "similar_pi": "YAR45041"}, {"similarity": 0.7107, "master_pi": "YAR45083", "similar_pi": "YAR45004"}, {"similarity": 0.7093, "master_pi": "YAR45083", "similar_pi": "YAR45012"}, {"similarity": 0.7031, "master_pi": "YAR45083", "similar_pi": "YAR45970"}, {"similarity": 1.0, "master_pi": "YAR45022", "similar_pi": "YAR45022"}, {"similarity": 0.8472, "master_pi": "YAR45022", "similar_pi": "YAR44990"}, {"similarity": 0.8085, "master_pi": "YAR45022", "similar_pi": "YAR45013"}, {"similarity": 0.7773, "master_pi": "YAR45022", "similar_pi": "YAR45034"}, {"similarity": 0.7609, "master_pi": "YAR45022", "similar_pi": "YAR45067"}, {"similarity": 0.7531, "master_pi": "YAR45022", "similar_pi": "YAR44996"}, {"similarity": 0.7354, "master_pi": "YAR45022", "similar_pi": "YAR45003"}, {"similarity": 0.7326, "master_pi": "YAR45022", "similar_pi": "YAR45005"}, {"similarity": 0.7199, "master_pi": "YAR45022", "similar_pi": "YAR45033"}, {"similarity": 0.7074, "master_pi": "YAR45022", "similar_pi": "YAR44994"}, {"similarity": 0.6959, "master_pi": "YAR45022", "similar_pi": "YAR45010"}, {"similarity": 0.6802, "master_pi": "YAR45022", "similar_pi": "YAR31406"}, {"similarity": 0.6755, "master_pi": "YAR45022", "similar_pi": "YAR45004"}, {"similarity": 0.672, "master_pi": "YAR45022", "similar_pi": "YAR45061"}, {"similarity": 0.6666, "master_pi": "YAR45022", "similar_pi": "YAR45014"}, {"similarity": 0.6654, "master_pi": "YAR45022", "similar_pi": "YAR45066"}, {"similarity": 0.6654, "master_pi": "YAR45022", "similar_pi": "YAR45041"}, {"similarity": 0.6579, "master_pi": "YAR45022", "similar_pi": "YAR45091"}, {"similarity": 0.6573, "master_pi": "YAR45022", "similar_pi": "YAR45026"}, {"similarity": 0.6542, "master_pi": "YAR45022", "similar_pi": "YAR45065"}, {"similarity": 1.0, "master_pi": "YAR45065", "similar_pi": "YAR45065"}, {"similarity": 0.9227, "master_pi": "YAR45065", "similar_pi": "YAR45066"}, {"similarity": 0.8916, "master_pi": "YAR45065", "similar_pi": "YAR45061"}, {"similarity": 0.8506, "master_pi": "YAR45065", "similar_pi": "YAR45041"}, {"similarity": 0.8366, "master_pi": "YAR45065", "similar_pi": "YAR45034"}, {"similarity": 0.8257, "master_pi": "YAR45065", "similar_pi": "YAR45970"}, {"similarity": 0.796, "master_pi": "YAR45065", "similar_pi": "YAR45036"}, {"similarity": 0.7855, "master_pi": "YAR45065", "similar_pi": "YAR45033"}, {"similarity": 0.782, "master_pi": "YAR45065", "similar_pi": "YAR45067"}, {"similarity": 0.7788, "master_pi": "YAR45065", "similar_pi": "YAR45046"}, {"similarity": 0.7784, "master_pi": "YAR45065", "similar_pi": "YAR45004"}, {"similarity": 0.7683, "master_pi": "YAR45065", "similar_pi": "YAR44995"}, {"similarity": 0.7569, "master_pi": "YAR45065", "similar_pi": "YAR45012"}, {"similarity": 0.751, "master_pi": "YAR45065", "similar_pi": "YAR45091"}, {"similarity": 0.7457, "master_pi": "YAR45065", "similar_pi": "YAR31481"}, {"similarity": 0.7435, "master_pi": "YAR45065", "similar_pi": "YAR45003"}, {"similarity": 0.723, "master_pi": "YAR45065", "similar_pi": "YAR31435"}, {"similarity": 0.7194, "master_pi": "YAR45065", "similar_pi": "YAR45014"}, {"similarity": 0.7067, "master_pi": "YAR45065", "similar_pi": "YAR31474"}, {"similarity": 0.7012, "master_pi": "YAR45065", "similar_pi": "YAR45035"}]