,0,1,2,3,4,5,6,7,8,9
0,0.jpg,62.jpg,61.jpg,93.jpg,91.jpg,96.jpg,32.jpg,1.jpg,55.jpg,85.jpg
1,1.jpg,62.jpg,61.jpg,96.jpg,93.jpg,0.jpg,32.jpg,98.jpg,55.jpg,91.jpg
2,10.jpg,34.jpg,37.jpg,69.jpg,25.jpg,97.jpg,90.jpg,76.jpg,89.jpg,68.jpg
3,100.jpg,16.jpg,21.jpg,61.jpg,24.jpg,20.jpg,26.jpg,91.jpg,96.jpg,62.jpg
4,101.jpg,74.jpg,24.jpg,62.jpg,93.jpg,85.jpg,96.jpg,0.jpg,32.jpg,26.jpg
5,102.jpg,92.jpg,109.jpg,42.jpg,43.jpg,36.jpg,35.jpg,50.jpg,49.jpg,48.jpg
6,103.jpg,71.jpg,42.jpg,43.jpg,49.jpg,6.jpg,107.jpg,36.jpg,35.jpg,109.jpg
7,104.jpg,8.jpg,105.jpg,106.jpg,37.jpg,44.jpg,57.jpg,10.jpg,99.jpg,51.jpg
8,105.jpg,106.jpg,104.jpg,107.jpg,8.jpg,96.jpg,93.jpg,91.jpg,3.jpg,5.jpg
9,106.jpg,105.jpg,8.jpg,96.jpg,104.jpg,93.jpg,5.jpg,32.jpg,55.jpg,62.jpg
10,107.jpg,105.jpg,48.jpg,106.jpg,27.jpg,49.jpg,75.jpg,8.jpg,3.jpg,109.jpg
11,108.jpg,16.jpg,0.jpg,11.jpg,106.jpg,91.jpg,61.jpg,1.jpg,18.jpg,74.jpg
12,109.jpg,42.jpg,43.jpg,92.jpg,23.jpg,102.jpg,31.jpg,107.jpg,49.jpg,50.jpg
13,11.jpg,108.jpg,46.jpg,88.jpg,33.jpg,76.jpg,16.jpg,24.jpg,98.jpg,38.jpg
14,12.jpg,14.jpg,63.jpg,64.jpg,65.jpg,15.jpg,13.jpg,52.jpg,53.jpg,6.jpg
15,13.jpg,63.jpg,64.jpg,65.jpg,15.jpg,48.jpg,66.jpg,49.jpg,12.jpg,31.jpg
16,14.jpg,12.jpg,64.jpg,63.jpg,65.jpg,52.jpg,13.jpg,15.jpg,53.jpg,6.jpg
17,15.jpg,13.jpg,87.jpg,12.jpg,6.jpg,64.jpg,63.jpg,14.jpg,65.jpg,48.jpg
18,16.jpg,21.jpg,24.jpg,91.jpg,61.jpg,100.jpg,26.jpg,0.jpg,62.jpg,88.jpg
19,17.jpg,45.jpg,89.jpg,34.jpg,68.jpg,51.jpg,54.jpg,97.jpg,72.jpg,86.jpg
20,18.jpg,61.jpg,96.jpg,0.jpg,24.jpg,106.jpg,91.jpg,93.jpg,26.jpg,38.jpg
21,19.jpg,20.jpg,21.jpg,51.jpg,37.jpg,10.jpg,104.jpg,34.jpg,54.jpg,90.jpg
22,2.jpg,20.jpg,79.jpg,7.jpg,98.jpg,16.jpg,96.jpg,93.jpg,92.jpg,95.jpg
23,20.jpg,21.jpg,16.jpg,100.jpg,2.jpg,39.jpg,28.jpg,24.jpg,51.jpg,19.jpg
24,21.jpg,20.jpg,16.jpg,100.jpg,24.jpg,39.jpg,91.jpg,28.jpg,61.jpg,74.jpg
25,22.jpg,62.jpg,96.jpg,55.jpg,98.jpg,93.jpg,61.jpg,0.jpg,1.jpg,32.jpg
26,23.jpg,50.jpg,48.jpg,109.jpg,49.jpg,13.jpg,101.jpg,66.jpg,31.jpg,42.jpg
27,24.jpg,26.jpg,91.jpg,96.jpg,25.jpg,74.jpg,101.jpg,61.jpg,16.jpg,77.jpg
28,25.jpg,44.jpg,24.jpg,41.jpg,26.jpg,73.jpg,10.jpg,99.jpg,97.jpg,85.jpg
29,26.jpg,24.jpg,74.jpg,91.jpg,61.jpg,96.jpg,77.jpg,25.jpg,40.jpg,101.jpg
30,27.jpg,75.jpg,107.jpg,101.jpg,71.jpg,24.jpg,1.jpg,83.jpg,54.jpg,53.jpg
31,28.jpg,29.jpg,31.jpg,3.jpg,30.jpg,53.jpg,24.jpg,39.jpg,21.jpg,96.jpg
32,29.jpg,28.jpg,31.jpg,46.jpg,3.jpg,88.jpg,75.jpg,22.jpg,39.jpg,16.jpg
33,3.jpg,28.jpg,93.jpg,5.jpg,106.jpg,8.jpg,55.jpg,105.jpg,96.jpg,91.jpg
34,30.jpg,94.jpg,36.jpg,35.jpg,101.jpg,64.jpg,63.jpg,28.jpg,24.jpg,39.jpg
35,31.jpg,28.jpg,29.jpg,48.jpg,13.jpg,66.jpg,71.jpg,39.jpg,109.jpg,23.jpg
36,32.jpg,96.jpg,62.jpg,5.jpg,0.jpg,1.jpg,55.jpg,93.jpg,61.jpg,101.jpg
37,33.jpg,76.jpg,57.jpg,37.jpg,97.jpg,10.jpg,73.jpg,69.jpg,85.jpg,90.jpg
38,34.jpg,10.jpg,45.jpg,97.jpg,68.jpg,54.jpg,89.jpg,17.jpg,72.jpg,51.jpg
39,35.jpg,36.jpg,30.jpg,71.jpg,39.jpg,94.jpg,42.jpg,43.jpg,49.jpg,77.jpg
40,35.jpg,36.jpg,30.jpg,71.jpg,39.jpg,94.jpg,42.jpg,43.jpg,49.jpg,77.jpg
41,37.jpg,10.jpg,69.jpg,45.jpg,68.jpg,90.jpg,54.jpg,89.jpg,34.jpg,8.jpg
42,38.jpg,18.jpg,0.jpg,16.jpg,72.jpg,34.jpg,108.jpg,68.jpg,32.jpg,100.jpg
43,39.jpg,16.jpg,36.jpg,35.jpg,88.jpg,49.jpg,31.jpg,30.jpg,21.jpg,13.jpg
44,4.jpg,37.jpg,44.jpg,77.jpg,25.jpg,36.jpg,35.jpg,41.jpg,96.jpg,86.jpg
45,40.jpg,91.jpg,61.jpg,26.jpg,96.jpg,0.jpg,24.jpg,98.jpg,74.jpg,62.jpg
46,41.jpg,44.jpg,25.jpg,90.jpg,86.jpg,54.jpg,97.jpg,85.jpg,37.jpg,96.jpg
47,42.jpg,43.jpg,109.jpg,71.jpg,49.jpg,36.jpg,35.jpg,6.jpg,44.jpg,103.jpg
48,43.jpg,42.jpg,109.jpg,71.jpg,49.jpg,6.jpg,36.jpg,35.jpg,44.jpg,92.jpg
49,44.jpg,25.jpg,41.jpg,104.jpg,99.jpg,24.jpg,37.jpg,77.jpg,96.jpg,8.jpg
50,45.jpg,89.jpg,68.jpg,17.jpg,72.jpg,86.jpg,54.jpg,97.jpg,34.jpg,51.jpg
51,46.jpg,29.jpg,91.jpg,47.jpg,24.jpg,28.jpg,16.jpg,88.jpg,74.jpg,3.jpg
52,47.jpg,46.jpg,86.jpg,37.jpg,90.jpg,8.jpg,41.jpg,51.jpg,3.jpg,77.jpg
53,48.jpg,49.jpg,13.jpg,7.jpg,50.jpg,107.jpg,31.jpg,53.jpg,66.jpg,23.jpg
54,49.jpg,48.jpg,7.jpg,6.jpg,42.jpg,43.jpg,66.jpg,13.jpg,107.jpg,75.jpg
55,5.jpg,55.jpg,96.jpg,32.jpg,93.jpg,98.jpg,62.jpg,61.jpg,0.jpg,106.jpg
56,50.jpg,23.jpg,48.jpg,7.jpg,49.jpg,109.jpg,6.jpg,102.jpg,35.jpg,36.jpg
57,51.jpg,54.jpg,86.jpg,68.jpg,45.jpg,34.jpg,90.jpg,17.jpg,89.jpg,72.jpg
58,52.jpg,64.jpg,63.jpg,14.jpg,65.jpg,12.jpg,53.jpg,13.jpg,80.jpg,6.jpg
59,53.jpg,48.jpg,12.jpg,13.jpg,83.jpg,52.jpg,28.jpg,80.jpg,14.jpg,66.jpg
60,54.jpg,97.jpg,90.jpg,45.jpg,51.jpg,86.jpg,34.jpg,89.jpg,68.jpg,17.jpg
61,55.jpg,96.jpg,93.jpg,5.jpg,62.jpg,22.jpg,32.jpg,61.jpg,0.jpg,91.jpg
62,56.jpg,82.jpg,83.jpg,84.jpg,81.jpg,88.jpg,15.jpg,49.jpg,87.jpg,43.jpg
63,57.jpg,76.jpg,33.jpg,104.jpg,10.jpg,36.jpg,35.jpg,25.jpg,73.jpg,37.jpg
64,58.jpg,34.jpg,89.jpg,17.jpg,90.jpg,68.jpg,45.jpg,51.jpg,54.jpg,72.jpg
65,59.jpg,55.jpg,5.jpg,32.jpg,88.jpg,96.jpg,0.jpg,98.jpg,74.jpg,106.jpg
66,6.jpg,49.jpg,64.jpg,15.jpg,65.jpg,43.jpg,63.jpg,42.jpg,48.jpg,87.jpg
67,60.jpg,25.jpg,24.jpg,75.jpg,91.jpg,74.jpg,44.jpg,101.jpg,26.jpg,96.jpg
68,61.jpg,91.jpg,0.jpg,62.jpg,26.jpg,1.jpg,93.jpg,96.jpg,55.jpg,98.jpg
69,62.jpg,1.jpg,0.jpg,96.jpg,61.jpg,98.jpg,93.jpg,22.jpg,55.jpg,32.jpg
70,63.jpg,64.jpg,65.jpg,13.jpg,14.jpg,52.jpg,87.jpg,12.jpg,6.jpg,30.jpg
71,64.jpg,63.jpg,65.jpg,13.jpg,14.jpg,52.jpg,87.jpg,12.jpg,6.jpg,30.jpg
72,65.jpg,64.jpg,63.jpg,13.jpg,14.jpg,87.jpg,52.jpg,12.jpg,6.jpg,15.jpg
73,66.jpg,13.jpg,49.jpg,48.jpg,31.jpg,64.jpg,63.jpg,53.jpg,65.jpg,23.jpg
74,67.jpg,5.jpg,26.jpg,2.jpg,74.jpg,50.jpg,61.jpg,98.jpg,109.jpg,11.jpg
75,68.jpg,97.jpg,45.jpg,89.jpg,51.jpg,34.jpg,86.jpg,72.jpg,54.jpg,17.jpg
76,69.jpg,37.jpg,10.jpg,45.jpg,34.jpg,86.jpg,89.jpg,68.jpg,97.jpg,85.jpg
77,7.jpg,49.jpg,48.jpg,50.jpg,107.jpg,6.jpg,36.jpg,35.jpg,39.jpg,82.jpg
78,70.jpg,71.jpg,13.jpg,87.jpg,44.jpg,96.jpg,63.jpg,64.jpg,65.jpg,107.jpg
79,71.jpg,70.jpg,43.jpg,42.jpg,35.jpg,36.jpg,75.jpg,31.jpg,27.jpg,107.jpg
80,72.jpg,45.jpg,68.jpg,34.jpg,89.jpg,51.jpg,17.jpg,86.jpg,54.jpg,97.jpg
81,73.jpg,25.jpg,74.jpg,24.jpg,76.jpg,10.jpg,91.jpg,85.jpg,34.jpg,26.jpg
82,74.jpg,91.jpg,26.jpg,101.jpg,24.jpg,61.jpg,73.jpg,0.jpg,5.jpg,96.jpg
83,75.jpg,27.jpg,71.jpg,49.jpg,107.jpg,60.jpg,82.jpg,101.jpg,99.jpg,84.jpg
84,76.jpg,57.jpg,33.jpg,10.jpg,73.jpg,37.jpg,0.jpg,74.jpg,97.jpg,62.jpg
85,77.jpg,26.jpg,96.jpg,55.jpg,24.jpg,101.jpg,32.jpg,5.jpg,22.jpg,93.jpg
86,78.jpg,38.jpg,76.jpg,61.jpg,108.jpg,0.jpg,8.jpg,104.jpg,16.jpg,88.jpg
87,79.jpg,30.jpg,94.jpg,35.jpg,36.jpg,2.jpg,95.jpg,88.jpg,98.jpg,96.jpg
88,8.jpg,104.jpg,106.jpg,105.jpg,37.jpg,3.jpg,32.jpg,68.jpg,96.jpg,107.jpg
89,80.jpg,53.jpg,84.jpg,3.jpg,1.jpg,12.jpg,52.jpg,8.jpg,83.jpg,75.jpg
90,81.jpg,82.jpg,84.jpg,83.jpg,56.jpg,88.jpg,49.jpg,42.jpg,43.jpg,80.jpg
91,82.jpg,83.jpg,84.jpg,81.jpg,88.jpg,56.jpg,49.jpg,75.jpg,48.jpg,39.jpg
92,83.jpg,82.jpg,81.jpg,84.jpg,56.jpg,53.jpg,88.jpg,75.jpg,49.jpg,48.jpg
93,84.jpg,82.jpg,81.jpg,83.jpg,88.jpg,56.jpg,75.jpg,49.jpg,80.jpg,53.jpg
94,85.jpg,101.jpg,0.jpg,62.jpg,74.jpg,93.jpg,26.jpg,37.jpg,1.jpg,25.jpg
95,86.jpg,45.jpg,51.jpg,54.jpg,97.jpg,89.jpg,90.jpg,68.jpg,72.jpg,17.jpg
96,87.jpg,64.jpg,15.jpg,63.jpg,65.jpg,6.jpg,12.jpg,13.jpg,56.jpg,49.jpg
97,88.jpg,82.jpg,5.jpg,74.jpg,16.jpg,99.jpg,94.jpg,39.jpg,84.jpg,83.jpg
98,89.jpg,45.jpg,68.jpg,97.jpg,86.jpg,17.jpg,34.jpg,54.jpg,90.jpg,72.jpg
99,9.jpg,76.jpg,100.jpg,38.jpg,47.jpg,88.jpg,16.jpg,37.jpg,46.jpg,11.jpg
100,90.jpg,54.jpg,97.jpg,86.jpg,45.jpg,34.jpg,51.jpg,89.jpg,68.jpg,37.jpg
101,91.jpg,24.jpg,61.jpg,74.jpg,96.jpg,26.jpg,0.jpg,40.jpg,55.jpg,62.jpg
102,92.jpg,102.jpg,109.jpg,94.jpg,30.jpg,43.jpg,42.jpg,36.jpg,35.jpg,28.jpg
103,93.jpg,96.jpg,55.jpg,62.jpg,0.jpg,61.jpg,1.jpg,101.jpg,32.jpg,106.jpg
104,94.jpg,30.jpg,35.jpg,36.jpg,88.jpg,24.jpg,92.jpg,39.jpg,74.jpg,49.jpg
105,95.jpg,85.jpg,53.jpg,48.jpg,30.jpg,96.jpg,55.jpg,28.jpg,22.jpg,93.jpg
106,96.jpg,62.jpg,55.jpg,24.jpg,93.jpg,91.jpg,5.jpg,1.jpg,32.jpg,22.jpg
107,97.jpg,54.jpg,68.jpg,45.jpg,89.jpg,90.jpg,34.jpg,86.jpg,17.jpg,51.jpg
108,98.jpg,62.jpg,22.jpg,1.jpg,61.jpg,5.jpg,0.jpg,93.jpg,55.jpg,32.jpg
109,99.jpg,24.jpg,25.jpg,106.jpg,88.jpg,37.jpg,44.jpg,96.jpg,45.jpg,86.jpg
