,0,1,2,3,4,5,6,7,8,9,10
0,0.jpg,37.jpg,93.jpg,1.jpg,41.jpg,51.jpg,16.jpg,98.jpg,68.jpg,86.jpg,57.jpg
1,1.jpg,37.jpg,98.jpg,61.jpg,62.jpg,0.jpg,108.jpg,93.jpg,41.jpg,106.jpg,51.jpg
2,2.jpg,32.jpg,37.jpg,87.jpg,12.jpg,18.jpg,51.jpg,82.jpg,54.jpg,3.jpg,106.jpg
3,7.jpg,64.jpg,87.jpg,53.jpg,65.jpg,31.jpg,63.jpg,42.jpg,43.jpg,92.jpg,12.jpg
4,5.jpg,67.jpg,96.jpg,55.jpg,12.jpg,91.jpg,32.jpg,22.jpg,87.jpg,2.jpg,14.jpg
5,3.jpg,2.jpg,106.jpg,105.jpg,37.jpg,32.jpg,55.jpg,8.jpg,1.jpg,4.jpg,51.jpg
6,10.jpg,45.jpg,76.jpg,58.jpg,94.jpg,34.jpg,73.jpg,17.jpg,99.jpg,68.jpg,85.jpg
7,6.jpg,70.jpg,14.jpg,12.jpg,87.jpg,13.jpg,49.jpg,15.jpg,24.jpg,48.jpg,52.jpg
8,4.jpg,55.jpg,106.jpg,37.jpg,105.jpg,22.jpg,2.jpg,93.jpg,69.jpg,44.jpg,98.jpg
9,8.jpg,106.jpg,105.jpg,1.jpg,104.jpg,108.jpg,32.jpg,37.jpg,3.jpg,2.jpg,55.jpg
10,9.jpg,88.jpg,38.jpg,57.jpg,108.jpg,104.jpg,17.jpg,86.jpg,98.jpg,8.jpg,16.jpg
11,11.jpg,84.jpg,81.jpg,83.jpg,82.jpg,46.jpg,29.jpg,51.jpg,80.jpg,54.jpg,44.jpg
12,12.jpg,15.jpg,14.jpg,49.jpg,92.jpg,87.jpg,48.jpg,53.jpg,32.jpg,67.jpg,2.jpg
13,13.jpg,15.jpg,26.jpg,42.jpg,43.jpg,70.jpg,24.jpg,48.jpg,64.jpg,63.jpg,50.jpg
14,14.jpg,15.jpg,12.jpg,49.jpg,48.jpg,6.jpg,67.jpg,13.jpg,92.jpg,87.jpg,50.jpg
15,17.jpg,68.jpg,16.jpg,90.jpg,86.jpg,73.jpg,58.jpg,45.jpg,89.jpg,0.jpg,37.jpg
16,18.jpg,82.jpg,2.jpg,83.jpg,54.jpg,84.jpg,51.jpg,37.jpg,44.jpg,32.jpg,1.jpg
17,15.jpg,48.jpg,12.jpg,14.jpg,50.jpg,49.jpg,13.jpg,92.jpg,43.jpg,42.jpg,64.jpg
18,16.jpg,86.jpg,17.jpg,37.jpg,0.jpg,68.jpg,90.jpg,85.jpg,98.jpg,73.jpg,41.jpg
19,20.jpg,7.jpg,92.jpg,2.jpg,53.jpg,32.jpg,82.jpg,65.jpg,18.jpg,12.jpg,69.jpg
20,19.jpg,33.jpg,80.jpg,81.jpg,107.jpg,72.jpg,84.jpg,69.jpg,104.jpg,1.jpg,51.jpg
21,21.jpg,20.jpg,83.jpg,7.jpg,82.jpg,54.jpg,46.jpg,69.jpg,84.jpg,18.jpg,51.jpg
22,22.jpg,55.jpg,98.jpg,79.jpg,91.jpg,4.jpg,105.jpg,106.jpg,96.jpg,67.jpg,5.jpg
23,23.jpg,101.jpg,50.jpg,95.jpg,28.jpg,30.jpg,77.jpg,71.jpg,48.jpg,43.jpg,42.jpg
24,25.jpg,24.jpg,54.jpg,85.jpg,94.jpg,27.jpg,74.jpg,17.jpg,51.jpg,60.jpg,26.jpg
25,24.jpg,26.jpg,13.jpg,27.jpg,70.jpg,6.jpg,25.jpg,15.jpg,42.jpg,77.jpg,43.jpg
26,29.jpg,82.jpg,46.jpg,83.jpg,87.jpg,7.jpg,2.jpg,18.jpg,84.jpg,31.jpg,44.jpg
27,26.jpg,24.jpg,13.jpg,70.jpg,42.jpg,43.jpg,77.jpg,101.jpg,71.jpg,15.jpg,27.jpg
28,27.jpg,75.jpg,13.jpg,24.jpg,70.jpg,26.jpg,18.jpg,6.jpg,15.jpg,60.jpg,102.jpg
29,28.jpg,30.jpg,101.jpg,77.jpg,23.jpg,71.jpg,95.jpg,50.jpg,43.jpg,42.jpg,92.jpg
30,30.jpg,28.jpg,101.jpg,77.jpg,95.jpg,71.jpg,50.jpg,23.jpg,92.jpg,43.jpg,48.jpg
31,31.jpg,7.jpg,64.jpg,63.jpg,65.jpg,43.jpg,42.jpg,53.jpg,29.jpg,70.jpg,13.jpg
32,32.jpg,2.jpg,12.jpg,53.jpg,55.jpg,91.jpg,67.jpg,7.jpg,92.jpg,5.jpg,87.jpg
33,34.jpg,10.jpg,58.jpg,45.jpg,73.jpg,85.jpg,17.jpg,68.jpg,16.jpg,86.jpg,76.jpg
34,33.jpg,80.jpg,37.jpg,51.jpg,69.jpg,1.jpg,2.jpg,72.jpg,108.jpg,61.jpg,93.jpg
35,35.jpg,36.jpg,12.jpg,49.jpg,92.jpg,15.jpg,48.jpg,109.jpg,102.jpg,7.jpg,14.jpg
36,35.jpg,36.jpg,12.jpg,49.jpg,92.jpg,15.jpg,48.jpg,109.jpg,102.jpg,7.jpg,14.jpg
37,38.jpg,62.jpg,9.jpg,76.jpg,57.jpg,78.jpg,73.jpg,40.jpg,88.jpg,108.jpg,68.jpg
38,37.jpg,51.jpg,1.jpg,93.jpg,0.jpg,2.jpg,4.jpg,54.jpg,41.jpg,69.jpg,106.jpg
39,39.jpg,68.jpg,97.jpg,86.jpg,17.jpg,54.jpg,16.jpg,51.jpg,58.jpg,73.jpg,41.jpg
40,40.jpg,0.jpg,1.jpg,76.jpg,61.jpg,37.jpg,98.jpg,16.jpg,41.jpg,93.jpg,62.jpg
41,41.jpg,93.jpg,51.jpg,37.jpg,0.jpg,1.jpg,54.jpg,86.jpg,98.jpg,16.jpg,72.jpg
42,42.jpg,43.jpg,64.jpg,63.jpg,71.jpg,48.jpg,30.jpg,50.jpg,15.jpg,101.jpg,28.jpg
43,43.jpg,42.jpg,64.jpg,63.jpg,71.jpg,48.jpg,30.jpg,50.jpg,101.jpg,15.jpg,28.jpg
44,45.jpg,10.jpg,58.jpg,17.jpg,94.jpg,90.jpg,99.jpg,68.jpg,76.jpg,73.jpg,34.jpg
45,44.jpg,54.jpg,91.jpg,82.jpg,2.jpg,96.jpg,51.jpg,18.jpg,74.jpg,37.jpg,4.jpg
46,46.jpg,82.jpg,29.jpg,83.jpg,84.jpg,18.jpg,44.jpg,51.jpg,11.jpg,54.jpg,1.jpg
47,47.jpg,29.jpg,46.jpg,11.jpg,31.jpg,83.jpg,8.jpg,5.jpg,82.jpg,96.jpg,87.jpg
48,48.jpg,50.jpg,49.jpg,15.jpg,43.jpg,42.jpg,30.jpg,92.jpg,63.jpg,64.jpg,77.jpg
49,49.jpg,48.jpg,12.jpg,15.jpg,109.jpg,14.jpg,87.jpg,50.jpg,92.jpg,35.jpg,36.jpg
50,50.jpg,48.jpg,101.jpg,23.jpg,30.jpg,77.jpg,95.jpg,15.jpg,28.jpg,43.jpg,71.jpg
51,51.jpg,54.jpg,37.jpg,41.jpg,69.jpg,2.jpg,93.jpg,1.jpg,82.jpg,0.jpg,84.jpg
52,52.jpg,87.jpg,7.jpg,12.jpg,2.jpg,63.jpg,6.jpg,80.jpg,49.jpg,64.jpg,82.jpg
53,57.jpg,88.jpg,0.jpg,68.jpg,90.jpg,16.jpg,1.jpg,86.jpg,76.jpg,41.jpg,108.jpg
54,55.jpg,22.jpg,91.jpg,106.jpg,67.jpg,105.jpg,4.jpg,32.jpg,5.jpg,79.jpg,96.jpg
55,53.jpg,92.jpg,64.jpg,65.jpg,7.jpg,12.jpg,43.jpg,42.jpg,15.jpg,63.jpg,30.jpg
56,54.jpg,51.jpg,37.jpg,69.jpg,85.jpg,82.jpg,18.jpg,2.jpg,44.jpg,41.jpg,84.jpg
57,56.jpg,94.jpg,25.jpg,27.jpg,45.jpg,17.jpg,26.jpg,76.jpg,24.jpg,10.jpg,51.jpg
58,58.jpg,68.jpg,17.jpg,45.jpg,97.jpg,89.jpg,73.jpg,76.jpg,10.jpg,25.jpg,16.jpg
59,59.jpg,18.jpg,74.jpg,91.jpg,98.jpg,37.jpg,0.jpg,4.jpg,41.jpg,96.jpg,16.jpg
60,60.jpg,6.jpg,27.jpg,102.jpg,70.jpg,75.jpg,54.jpg,25.jpg,85.jpg,51.jpg,24.jpg
61,62.jpg,1.jpg,98.jpg,61.jpg,41.jpg,108.jpg,37.jpg,0.jpg,51.jpg,93.jpg,16.jpg
62,63.jpg,64.jpg,43.jpg,42.jpg,48.jpg,15.jpg,7.jpg,70.jpg,71.jpg,65.jpg,53.jpg
63,65.jpg,64.jpg,53.jpg,7.jpg,42.jpg,43.jpg,63.jpg,92.jpg,31.jpg,70.jpg,28.jpg
64,64.jpg,63.jpg,43.jpg,42.jpg,65.jpg,7.jpg,53.jpg,48.jpg,15.jpg,71.jpg,70.jpg
65,66.jpg,48.jpg,92.jpg,49.jpg,12.jpg,64.jpg,87.jpg,43.jpg,42.jpg,63.jpg,15.jpg
66,67.jpg,5.jpg,55.jpg,12.jpg,96.jpg,91.jpg,32.jpg,14.jpg,2.jpg,74.jpg,22.jpg
67,68.jpg,17.jpg,58.jpg,86.jpg,73.jpg,16.jpg,0.jpg,97.jpg,90.jpg,89.jpg,57.jpg
68,69.jpg,54.jpg,37.jpg,51.jpg,2.jpg,82.jpg,4.jpg,33.jpg,18.jpg,44.jpg,84.jpg
69,70.jpg,42.jpg,64.jpg,43.jpg,63.jpg,6.jpg,13.jpg,7.jpg,53.jpg,26.jpg,65.jpg
70,72.jpg,104.jpg,108.jpg,93.jpg,86.jpg,105.jpg,37.jpg,106.jpg,41.jpg,1.jpg,98.jpg
71,71.jpg,43.jpg,42.jpg,28.jpg,30.jpg,101.jpg,77.jpg,50.jpg,23.jpg,95.jpg,48.jpg
72,73.jpg,76.jpg,68.jpg,17.jpg,86.jpg,51.jpg,16.jpg,85.jpg,0.jpg,54.jpg,37.jpg
73,74.jpg,85.jpg,91.jpg,67.jpg,37.jpg,2.jpg,44.jpg,18.jpg,14.jpg,12.jpg,54.jpg
74,75.jpg,27.jpg,70.jpg,52.jpg,87.jpg,18.jpg,60.jpg,6.jpg,102.jpg,13.jpg,15.jpg
75,76.jpg,73.jpg,51.jpg,0.jpg,10.jpg,17.jpg,68.jpg,58.jpg,57.jpg,16.jpg,93.jpg
76,77.jpg,95.jpg,30.jpg,28.jpg,101.jpg,50.jpg,71.jpg,23.jpg,48.jpg,15.jpg,92.jpg
77,78.jpg,76.jpg,38.jpg,72.jpg,88.jpg,81.jpg,108.jpg,19.jpg,73.jpg,9.jpg,103.jpg
78,79.jpg,22.jpg,55.jpg,67.jpg,105.jpg,106.jpg,4.jpg,5.jpg,98.jpg,93.jpg,96.jpg
79,80.jpg,33.jpg,2.jpg,52.jpg,51.jpg,87.jpg,84.jpg,37.jpg,1.jpg,106.jpg,105.jpg
80,82.jpg,83.jpg,84.jpg,18.jpg,46.jpg,29.jpg,2.jpg,54.jpg,7.jpg,51.jpg,87.jpg
81,81.jpg,84.jpg,83.jpg,11.jpg,82.jpg,51.jpg,80.jpg,46.jpg,29.jpg,1.jpg,54.jpg
82,83.jpg,82.jpg,84.jpg,29.jpg,18.jpg,81.jpg,46.jpg,7.jpg,11.jpg,87.jpg,54.jpg
83,85.jpg,74.jpg,54.jpg,37.jpg,51.jpg,16.jpg,18.jpg,73.jpg,25.jpg,0.jpg,69.jpg
84,86.jpg,16.jpg,37.jpg,68.jpg,17.jpg,41.jpg,93.jpg,72.jpg,0.jpg,98.jpg,73.jpg
85,84.jpg,82.jpg,83.jpg,81.jpg,11.jpg,18.jpg,46.jpg,51.jpg,54.jpg,29.jpg,80.jpg
86,87.jpg,52.jpg,12.jpg,7.jpg,49.jpg,2.jpg,64.jpg,63.jpg,29.jpg,6.jpg,70.jpg
87,88.jpg,57.jpg,1.jpg,104.jpg,108.jpg,16.jpg,0.jpg,86.jpg,41.jpg,98.jpg,37.jpg
88,61.jpg,1.jpg,37.jpg,108.jpg,62.jpg,106.jpg,105.jpg,98.jpg,41.jpg,16.jpg,72.jpg
89,89.jpg,97.jpg,68.jpg,17.jpg,58.jpg,73.jpg,90.jpg,16.jpg,86.jpg,39.jpg,45.jpg
90,90.jpg,17.jpg,16.jpg,68.jpg,0.jpg,93.jpg,86.jpg,57.jpg,98.jpg,37.jpg,73.jpg
91,91.jpg,96.jpg,55.jpg,22.jpg,74.jpg,67.jpg,32.jpg,98.jpg,2.jpg,44.jpg,5.jpg
92,92.jpg,30.jpg,53.jpg,12.jpg,48.jpg,15.jpg,43.jpg,42.jpg,50.jpg,77.jpg,28.jpg
93,93.jpg,98.jpg,37.jpg,0.jpg,41.jpg,72.jpg,1.jpg,51.jpg,105.jpg,106.jpg,86.jpg
94,94.jpg,45.jpg,25.jpg,76.jpg,10.jpg,27.jpg,85.jpg,17.jpg,58.jpg,73.jpg,54.jpg
95,95.jpg,101.jpg,77.jpg,30.jpg,23.jpg,28.jpg,50.jpg,71.jpg,43.jpg,15.jpg,42.jpg
96,97.jpg,89.jpg,68.jpg,58.jpg,17.jpg,73.jpg,39.jpg,16.jpg,25.jpg,54.jpg,41.jpg
97,96.jpg,91.jpg,5.jpg,67.jpg,98.jpg,22.jpg,55.jpg,2.jpg,44.jpg,12.jpg,6.jpg
98,98.jpg,93.jpg,22.jpg,1.jpg,96.jpg,37.jpg,91.jpg,0.jpg,41.jpg,86.jpg,62.jpg
99,99.jpg,45.jpg,10.jpg,94.jpg,17.jpg,58.jpg,34.jpg,90.jpg,76.jpg,68.jpg,25.jpg
100,100.jpg,16.jpg,61.jpg,74.jpg,44.jpg,54.jpg,37.jpg,41.jpg,51.jpg,17.jpg,86.jpg
101,102.jpg,12.jpg,49.jpg,14.jpg,6.jpg,15.jpg,35.jpg,36.jpg,87.jpg,48.jpg,60.jpg
102,101.jpg,95.jpg,23.jpg,30.jpg,50.jpg,28.jpg,77.jpg,71.jpg,43.jpg,42.jpg,48.jpg
103,103.jpg,87.jpg,107.jpg,2.jpg,84.jpg,82.jpg,102.jpg,83.jpg,49.jpg,12.jpg,7.jpg
104,104.jpg,105.jpg,106.jpg,108.jpg,72.jpg,93.jpg,1.jpg,37.jpg,8.jpg,4.jpg,41.jpg
105,106.jpg,105.jpg,104.jpg,55.jpg,4.jpg,8.jpg,37.jpg,22.jpg,1.jpg,2.jpg,3.jpg
106,105.jpg,106.jpg,104.jpg,55.jpg,8.jpg,4.jpg,22.jpg,37.jpg,1.jpg,108.jpg,93.jpg
107,108.jpg,104.jpg,72.jpg,1.jpg,105.jpg,106.jpg,61.jpg,93.jpg,37.jpg,98.jpg,8.jpg
108,109.jpg,49.jpg,48.jpg,50.jpg,15.jpg,12.jpg,35.jpg,36.jpg,92.jpg,43.jpg,42.jpg
109,107.jpg,103.jpg,49.jpg,52.jpg,87.jpg,109.jpg,35.jpg,36.jpg,12.jpg,80.jpg,7.jpg
